transaction_date,product_name,product_category,quantity,unit_price,total_amount,customer_id
2024-12-14,Cappuccino,Hot Coffee,1,4.25,4.25,C0143
2024-12-14,Croissant,Bakery,3,3.25,9.75,C0083
2024-12-14,Cinnamon Roll,Bakery,1,4.25,4.25,C0098
2024-12-14,Mocha,Hot Coffee,1,4.95,4.95,C0110
2024-12-15,Espresso,Hot Coffee,1,2.95,2.95,C0129
2024-12-15,Latte,Hot Coffee,1,4.5,4.5,C0734
2024-12-15,Americano,Hot Coffee,1,3.5,3.5,C0119
2024-12-15,Drip Coffee,Hot Coffee,1,2.75,2.75,C0036
2024-12-15,Mocha,Hot Coffee,1,4.95,4.95,C0071
2024-12-15,Latte,Hot Coffee,1,4.5,4.5,C0125
2024-12-15,Americano,Hot Coffee,1,3.5,3.5,C0107
2024-12-15,Chocolate Chip Cookie,Bakery,1,2.5,2.5,C0026
2024-12-15,Cappuccino,Hot Coffee,1,4.25,4.25,C0093
2024-12-16,Cappuccino,Hot Coffee,1,4.25,4.25,C0010
2024-12-16,Americano,Hot Coffee,1,3.5,3.5,C0146
2024-12-16,Americano,Hot Coffee,1,3.5,3.5,C0763
2024-12-16,Breakfast Sandwich,Food,1,6.5,6.5,C0286
2024-12-17,Chocolate Chip Cookie,Bakery,1,2.5,2.5,C0092
2024-12-17,Cappuccino,Hot Coffee,1,4.25,4.25,C0129
2024-12-17,Drip Coffee,Hot Coffee,1,2.75,2.75,C0638
2024-12-17,Drip Coffee,Hot Coffee,1,2.75,2.75,C0016
2024-12-18,Breakfast Sandwich,Food,1,6.5,6.5,C0975
2024-12-18,Cold Brew,Cold Coffee,1,4.5,4.5,C0012
2024-12-18,Mocha,Hot Coffee,2,4.95,9.9,C0815
2024-12-19,Iced Latte,Cold Coffee,1,4.75,4.75,C0056
2024-12-19,Mocha,Hot Coffee,1,4.95,4.95,C0142
2024-12-20,Drip Coffee,Hot Coffee,1,2.75,2.75,C0068
2024-12-20,Flat White,Hot Coffee,2,4.5,9.0,C0142
2024-12-20,Drip Coffee,Hot Coffee,2,2.75,5.5,C0058
2024-12-20,Hot Tea,Tea,2,2.95,5.9,C0090
2024-12-20,Croissant,Bakery,3,3.25,9.75,C0012
2024-12-20,Mocha,Hot Coffee,1,4.95,4.95,C0012
2024-12-21,Blueberry Muffin,Bakery,1,3.5,3.5,C0058
2024-12-21,Latte,Hot Coffee,2,4.5,9.0,C0880
2024-12-21,Iced Tea,Tea,1,3.25,3.25,C0068
2024-12-21,Iced Latte,Cold Coffee,1,4.75,4.75,C0032
2024-12-21,Drip Coffee,Hot Coffee,1,2.75,2.75,C0035
2024-12-22,Drip Coffee,Hot Coffee,1,2.75,2.75,C0088
2024-12-22,Flat White,Hot Coffee,1,4.5,4.5,C0125
2024-12-22,Chocolate Chip Cookie,Bakery,1,2.5,2.5,C0092
2024-12-22,Croissant,Bakery,2,3.25,6.5,C0122
2024-12-23,Drip Coffee,Hot Coffee,1,2.75,2.75,C0114
2024-12-23,Mocha,Hot Coffee,1,4.95,4.95,C0107
2024-12-23,Cappuccino,Hot Coffee,1,4.25,4.25,C0115
2024-12-24,Mocha,Hot Coffee,1,4.95,4.95,C0402
2024-12-24,Croissant,Bakery,2,3.25,6.5,C0032
2024-12-24,Mocha,Hot Coffee,1,4.95,4.95,C0088
2024-12-25,Iced Tea,Tea,1,3.25,3.25,C0269
2024-12-26,Bagel with Cream Cheese,Bakery,1,3.75,3.75,C0022
2024-12-26,Drip Coffee,Hot Coffee,1,2.75,2.75,C0026
2024-12-26,Drip Coffee,Hot Coffee,1,2.75,2.75,C0661
2024-12-27,Latte,Hot Coffee,1,4.5,4.5,C0022
2024-12-27,Mocha,Hot Coffee,1,4.95,4.95,C0369
2024-12-27,Americano,Hot Coffee,2,3.5,7.0,C0038
2024-12-27,Latte,Hot Coffee,1,4.5,4.5,C0245
2024-12-27,Hot Tea,Tea,1,2.95,2.95,C0456
2024-12-28,Iced Latte,Cold Coffee,1,4.75,4.75,C0369
2024-12-28,Avocado Toast,Food,1,7.5,7.5,C0142
2024-12-28,Cappuccino,Hot Coffee,1,4.25,4.25,C0056
2024-12-29,Mocha,Hot Coffee,1,4.95,4.95,C0123
2024-12-29,Matcha Latte,Tea,1,4.95,4.95,C0154
2024-12-29,Flat White,Hot Coffee,1,4.5,4.5,C0050
2024-12-30,Iced Tea,Tea,1,3.25,3.25,C0129
2024-12-30,Espresso,Hot Coffee,1,2.95,2.95,C0071
2024-12-30,Espresso,Hot Coffee,3,2.95,8.85,C0614
2024-12-30,Latte,Hot Coffee,1,4.5,4.5,C0579
2024-12-30,Chai Latte,Tea,1,4.25,4.25,C0016
2024-12-31,Flat White,Hot Coffee,1,4.5,4.5,C0107
2024-12-31,Cappuccino,Hot Coffee,2,4.25,8.5,C0695
2024-12-31,Croissant,Bakery,1,3.25,3.25,C0420
2024-12-31,Iced Latte,Cold Coffee,1,4.75,4.75,C0106
2024-12-31,Cappuccino,Hot Coffee,2,4.25,8.5,C0060
2025-01-01,Latte,Hot Coffee,1,4.5,4.5,C0096
2025-01-01,Iced Tea,Tea,1,3.25,3.25,C0081
2025-01-01,Latte,Hot Coffee,1,4.5,4.5,C0840
2025-01-01,Latte,Hot Coffee,2,4.5,9.0,C0068
2025-01-02,Latte,Hot Coffee,1,4.5,4.5,C0098
2025-01-02,Mocha,Hot Coffee,1,4.95,4.95,C0058
2025-01-02,Espresso,Hot Coffee,1,2.95,2.95,C0667
2025-01-03,Croissant,Bakery,1,3.25,3.25,C0026
2025-01-03,Cappuccino,Hot Coffee,3,4.25,12.75,C0074
2025-01-03,Blueberry Muffin,Bakery,1,3.5,3.5,C0227
2025-01-03,Matcha Latte,Tea,1,4.95,4.95,C0135
2025-01-03,Chocolate Chip Cookie,Bakery,1,2.5,2.5,C0035
2025-01-03,Cappuccino,Hot Coffee,1,4.25,4.25,C0610
2025-01-03,Matcha Latte,Tea,1,4.95,4.95,C0010
2025-01-04,Hot Chocolate,Other,1,3.75,3.75,C0073
2025-01-04,Croissant,Bakery,1,3.25,3.25,C0043
2025-01-04,Cappuccino,Hot Coffee,1,4.25,4.25,C0048
2025-01-04,Blueberry Muffin,Bakery,1,3.5,3.5,C0610
2025-01-04,Cappuccino,Hot Coffee,1,4.25,4.25,C0050
2025-01-05,Espresso,Hot Coffee,1,2.95,2.95,C0132
2025-01-05,Cappuccino,Hot Coffee,1,4.25,4.25,C0068
2025-01-05,Drip Coffee,Hot Coffee,1,2.75,2.75,C0006
2025-01-06,Cinnamon Roll,Bakery,2,4.25,8.5,C0096
2025-01-06,Chai Latte,Tea,2,4.25,8.5,C0040
2025-01-06,Mocha,Hot Coffee,1,4.95,4.95,C0473
2025-01-07,Americano,Hot Coffee,1,3.5,3.5,C0135
2025-01-07,Latte,Hot Coffee,2,4.5,9.0,C0036
2025-01-07,Americano,Hot Coffee,1,3.5,3.5,C0782
2025-01-07,Americano,Hot Coffee,1,3.5,3.5,C0015
2025-01-08,Chai Latte,Tea,1,4.25,4.25,C0043
2025-01-09,Flat White,Hot Coffee,1,4.5,4.5,C0071
2025-01-10,Drip Coffee,Hot Coffee,1,2.75,2.75,C0047
2025-01-10,Mocha,Hot Coffee,1,4.95,4.95,C0113
2025-01-10,Latte,Hot Coffee,1,4.5,4.5,C0085
2025-01-10,Blueberry Muffin,Bakery,1,3.5,3.5,C0170
2025-01-10,Hot Tea,Tea,1,2.95,2.95,C0142
2025-01-10,Latte,Hot Coffee,1,4.5,4.5,C0363
2025-01-11,Chai Latte,Tea,1,4.25,4.25,C0135
2025-01-11,Mocha,Hot Coffee,2,4.95,9.9,C0129
2025-01-11,Breakfast Sandwich,Food,1,6.5,6.5,C0091
2025-01-11,Bagel with Cream Cheese,Bakery,1,3.75,3.75,C0068
2025-01-11,Avocado Toast,Food,1,7.5,7.5,C0125
2025-01-11,Matcha Latte,Tea,1,4.95,4.95,C0004
2025-01-12,Avocado Toast,Food,1,7.5,7.5,C0325
2025-01-12,Latte,Hot Coffee,1,4.5,4.5,C0050
2025-01-12,Avocado Toast,Food,1,7.5,7.5,C0026
2025-01-13,Cappuccino,Hot Coffee,1,4.25,4.25,C0951
2025-01-13,Bagel with Cream Cheese,Bakery,1,3.75,3.75,C0043
2025-01-13,Hot Chocolate,Other,1,3.75,3.75,C0027
2025-01-14,Chocolate Chip Cookie,Bakery,1,2.5,2.5,C0058
2025-01-15,Iced Americano,Cold Coffee,1,3.75,3.75,C0129
2025-01-16,Latte,Hot Coffee,1,4.5,4.5,C0025
2025-01-16,Latte,Hot Coffee,1,4.5,4.5,C0788
2025-01-16,Americano,Hot Coffee,1,3.5,3.5,C0107
2025-01-17,Iced Latte,Cold Coffee,1,4.75,4.75,C0107
2025-01-17,Americano,Hot Coffee,1,3.5,3.5,C0960
2025-01-17,Americano,Hot Coffee,1,3.5,3.5,C0043
2025-01-17,Flat White,Hot Coffee,1,4.5,4.5,C0103
2025-01-18,Chai Latte,Tea,1,4.25,4.25,C0395
2025-01-18,Mocha,Hot Coffee,1,4.95,4.95,C0088
2025-01-18,Drip Coffee,Hot Coffee,1,2.75,2.75,C0831
2025-01-18,Grilled Panini,Food,3,7.95,23.85,C0063
2025-01-18,Mocha,Hot Coffee,1,4.95,4.95,C0088
2025-01-19,Croissant,Bakery,2,3.25,6.5,C0137
2025-01-20,Americano,Hot Coffee,1,3.5,3.5,C0508
2025-01-20,Cinnamon Roll,Bakery,1,4.25,4.25,C0004
2025-01-20,Frappe,Cold Coffee,1,5.5,5.5,C0129
2025-01-21,Iced Latte,Cold Coffee,1,4.75,4.75,C0129
2025-01-21,Bagel with Cream Cheese,Bakery,2,3.75,7.5,C0306
2025-01-21,Latte,Hot Coffee,1,4.5,4.5,C0826
2025-01-22,Blueberry Muffin,Bakery,1,3.5,3.5,C0107
2025-01-22,Drip Coffee,Hot Coffee,1,2.75,2.75,C0132
2025-01-23,Latte,Hot Coffee,2,4.5,9.0,C0098
2025-01-23,Iced Americano,Cold Coffee,1,3.75,3.75,C0940
2025-01-23,Iced Americano,Cold Coffee,1,3.75,3.75,C0067
2025-01-23,Drip Coffee,Hot Coffee,1,2.75,2.75,C0031
2025-01-23,Mocha,Hot Coffee,1,4.95,4.95,C0041
2025-01-23,Breakfast Sandwich,Food,1,6.5,6.5,C0652
2025-01-24,Americano,Hot Coffee,2,3.5,7.0,C0069
2025-01-24,Frappe,Cold Coffee,2,5.5,11.0,C0807
2025-01-25,Iced Latte,Cold Coffee,1,4.75,4.75,C0041
2025-01-25,Avocado Toast,Food,3,7.5,22.5,C0011
2025-01-25,Cappuccino,Hot Coffee,2,4.25,8.5,C0001
2025-01-25,Hot Tea,Tea,1,2.95,2.95,C0068
2025-01-25,Drip Coffee,Hot Coffee,1,2.75,2.75,C0125
2025-01-25,Flat White,Hot Coffee,1,4.5,4.5,C0093
2025-01-26,Croissant,Bakery,1,3.25,3.25,C0022
2025-01-26,Espresso,Hot Coffee,2,2.95,5.9,C0069
2025-01-26,Blueberry Muffin,Bakery,1,3.5,3.5,C0201
2025-01-27,Latte,Hot Coffee,1,4.5,4.5,C0001
2025-01-27,Drip Coffee,Hot Coffee,1,2.75,2.75,C0107
2025-01-27,Latte,Hot Coffee,1,4.5,4.5,C0112
2025-01-28,Drip Coffee,Hot Coffee,1,2.75,2.75,C0112
2025-01-28,Cinnamon Roll,Bakery,1,4.25,4.25,C0718
2025-01-28,Iced Tea,Tea,1,3.25,3.25,C0004
2025-01-29,Latte,Hot Coffee,2,4.5,9.0,C0144
2025-01-30,Hot Chocolate,Other,1,3.75,3.75,C0092
2025-01-31,Blueberry Muffin,Bakery,1,3.5,3.5,C0030
2025-01-31,Cold Brew,Cold Coffee,1,4.5,4.5,C0030
2025-01-31,Cappuccino,Hot Coffee,1,4.25,4.25,C0093
2025-02-01,Breakfast Sandwich,Food,2,6.5,13.0,C0093
2025-02-01,Drip Coffee,Hot Coffee,1,2.75,2.75,C0050
2025-02-01,Drip Coffee,Hot Coffee,1,2.75,2.75,C0901
2025-02-02,Espresso,Hot Coffee,1,2.95,2.95,C0014
2025-02-02,Drip Coffee,Hot Coffee,1,2.75,2.75,C0117
2025-02-02,Americano,Hot Coffee,1,3.5,3.5,C0013
2025-02-02,Latte,Hot Coffee,1,4.5,4.5,C0015
2025-02-03,Mocha,Hot Coffee,1,4.95,4.95,C0118
2025-02-03,Breakfast Sandwich,Food,1,6.5,6.5,C0016
2025-02-03,Mocha,Hot Coffee,1,4.95,4.95,C0092
2025-02-03,Cappuccino,Hot Coffee,1,4.25,4.25,C0134
2025-02-03,Chocolate Chip Cookie,Bakery,1,2.5,2.5,C0033
2025-02-03,Latte,Hot Coffee,1,4.5,4.5,C0193
2025-02-04,Iced Latte,Cold Coffee,1,4.75,4.75,C0500
2025-02-04,Latte,Hot Coffee,1,4.5,4.5,C0099
2025-02-04,Latte,Hot Coffee,1,4.5,4.5,C0011
2025-02-05,Cinnamon Roll,Bakery,1,4.25,4.25,C0142
2025-02-05,Chai Latte,Tea,1,4.25,4.25,C0123
2025-02-05,Mocha,Hot Coffee,2,4.95,9.9,C0026
2025-02-05,Mocha,Hot Coffee,2,4.95,9.9,C0689
2025-02-05,Latte,Hot Coffee,1,4.5,4.5,C0074
2025-02-06,Bottled Water,Other,1,2.0,2.0,C0506
2025-02-06,Cinnamon Roll,Bakery,1,4.25,4.25,C0614
2025-02-07,Croissant,Bakery,1,3.25,3.25,C0245
2025-02-07,Frappe,Cold Coffee,2,5.5,11.0,C0032
2025-02-08,Hot Chocolate,Other,1,3.75,3.75,C0398
2025-02-08,Espresso,Hot Coffee,1,2.95,2.95,C0117
2025-02-08,Latte,Hot Coffee,2,4.5,9.0,C0068
2025-02-08,Latte,Hot Coffee,1,4.5,4.5,C0129
2025-02-09,Croissant,Bakery,1,3.25,3.25,C0050
2025-02-09,Blueberry Muffin,Bakery,1,3.5,3.5,C0070
2025-02-09,Chai Latte,Tea,1,4.25,4.25,C0002
2025-02-09,Hot Chocolate,Other,1,3.75,3.75,C0135
2025-02-09,Cappuccino,Hot Coffee,1,4.25,4.25,C0994
2025-02-09,Cappuccino,Hot Coffee,1,4.25,4.25,C0066
2025-02-09,Drip Coffee,Hot Coffee,2,2.75,5.5,C0033
2025-02-09,Iced Americano,Cold Coffee,1,3.75,3.75,C0058
2025-02-09,Chai Latte,Tea,1,4.25,4.25,C0090
2025-02-10,Drip Coffee,Hot Coffee,1,2.75,2.75,C0787
2025-02-10,Latte,Hot Coffee,1,4.5,4.5,C0092
2025-02-10,Matcha Latte,Tea,1,4.95,4.95,C0025
2025-02-10,Cinnamon Roll,Bakery,1,4.25,4.25,C0129
2025-02-11,Latte,Hot Coffee,1,4.5,4.5,C0153
2025-02-11,Espresso,Hot Coffee,1,2.95,2.95,C0143
2025-02-11,Blueberry Muffin,Bakery,1,3.5,3.5,C0521
2025-02-12,Cinnamon Roll,Bakery,1,4.25,4.25,C0122
2025-02-13,Drip Coffee,Hot Coffee,1,2.75,2.75,C0142
2025-02-13,Croissant,Bakery,1,3.25,3.25,C0142
2025-02-13,Hot Tea,Tea,1,2.95,2.95,C0804
2025-02-13,Latte,Hot Coffee,2,4.5,9.0,C0125
2025-02-13,Breakfast Sandwich,Food,2,6.5,13.0,C0088
2025-02-13,Blueberry Muffin,Bakery,2,3.5,7.0,C0074
2025-02-13,Blueberry Muffin,Bakery,1,3.5,3.5,C0747
2025-02-14,Mocha,Hot Coffee,1,4.95,4.95,C0518
2025-02-14,Chocolate Chip Cookie,Bakery,3,2.5,7.5,C0068
2025-02-15,Iced Tea,Tea,1,3.25,3.25,C0041
2025-02-15,Cappuccino,Hot Coffee,1,4.25,4.25,C0155
2025-02-15,Chai Latte,Tea,1,4.25,4.25,C0041
2025-02-15,Drip Coffee,Hot Coffee,1,2.75,2.75,C0213
2025-02-15,Hot Tea,Tea,1,2.95,2.95,C0520
2025-02-16,Latte,Hot Coffee,1,4.5,4.5,C0088
2025-02-16,Flat White,Hot Coffee,1,4.5,4.5,C0068
2025-02-16,Breakfast Sandwich,Food,1,6.5,6.5,C0069
2025-02-16,Frappe,Cold Coffee,1,5.5,5.5,C0148
2025-02-16,Espresso,Hot Coffee,1,2.95,2.95,C0008
2025-02-16,Hot Chocolate,Other,1,3.75,3.75,C0146
2025-02-16,Flat White,Hot Coffee,1,4.5,4.5,C0038
2025-02-16,Mocha,Hot Coffee,1,4.95,4.95,C0081
2025-02-17,Blueberry Muffin,Bakery,1,3.5,3.5,C0069
2025-02-18,Croissant,Bakery,1,3.25,3.25,C0096
2025-02-19,Latte,Hot Coffee,2,4.5,9.0,C0103
2025-02-19,Bottled Water,Other,1,2.0,2.0,C0081
2025-02-19,Espresso,Hot Coffee,1,2.95,2.95,C0398
2025-02-20,Bottled Water,Other,2,2.0,4.0,C0489
2025-02-21,Chai Latte,Tea,1,4.25,4.25,C0090
2025-02-21,Espresso,Hot Coffee,2,2.95,5.9,C0247
2025-02-21,Flat White,Hot Coffee,1,4.5,4.5,C0013
2025-02-21,Hot Tea,Tea,1,2.95,2.95,C0526
2025-02-22,Chocolate Chip Cookie,Bakery,1,2.5,2.5,C0510
2025-02-22,Chocolate Chip Cookie,Bakery,1,2.5,2.5,C0071
2025-02-22,Croissant,Bakery,1,3.25,3.25,C0114
2025-02-22,Bottled Water,Other,2,2.0,4.0,C0093
2025-02-22,Cappuccino,Hot Coffee,1,4.25,4.25,C0001
2025-02-23,Latte,Hot Coffee,1,4.5,4.5,C0016
2025-02-23,Hot Tea,Tea,1,2.95,2.95,C0016
2025-02-23,Latte,Hot Coffee,1,4.5,4.5,C0268
2025-02-23,Drip Coffee,Hot Coffee,1,2.75,2.75,C0010
2025-02-23,Croissant,Bakery,1,3.25,3.25,C0470
2025-02-24,Iced Tea,Tea,1,3.25,3.25,C0120
2025-02-24,Latte,Hot Coffee,1,4.5,4.5,C0093
2025-02-24,Drip Coffee,Hot Coffee,3,2.75,8.25,C0023
2025-02-24,Grilled Panini,Food,1,7.95,7.95,C0040
2025-02-25,Espresso,Hot Coffee,1,2.95,2.95,C0286
2025-02-25,Avocado Toast,Food,2,7.5,15.0,C0068
2025-02-25,Breakfast Sandwich,Food,1,6.5,6.5,C0143
2025-02-25,Avocado Toast,Food,1,7.5,7.5,C0048
2025-02-25,Latte,Hot Coffee,1,4.5,4.5,C0068
2025-02-25,Mocha,Hot Coffee,1,4.95,4.95,C0614
2025-02-26,Iced Latte,Cold Coffee,1,4.75,4.75,C0017
2025-02-27,Cinnamon Roll,Bakery,1,4.25,4.25,C0030
2025-02-27,Espresso,Hot Coffee,1,2.95,2.95,C0083
2025-02-28,Latte,Hot Coffee,1,4.5,4.5,C0096
2025-02-28,Cold Brew,Cold Coffee,3,4.5,13.5,C0069
2025-03-01,Iced Latte,Cold Coffee,1,4.75,4.75,C0071
2025-03-01,Americano,Hot Coffee,1,3.5,3.5,C0472
2025-03-01,Iced Tea,Tea,1,3.25,3.25,C0562
2025-03-01,Iced Latte,Cold Coffee,1,4.75,4.75,C0878
2025-03-01,Latte,Hot Coffee,2,4.5,9.0,C0068
2025-03-01,Cappuccino,Hot Coffee,1,4.25,4.25,C0773
2025-03-01,Cappuccino,Hot Coffee,1,4.25,4.25,C0058
2025-03-01,Frappe,Cold Coffee,1,5.5,5.5,C0036
2025-03-02,Bottled Water,Other,3,2.0,6.0,C0128
2025-03-02,Frappe,Cold Coffee,1,5.5,5.5,C0115
2025-03-02,Chai Latte,Tea,1,4.25,4.25,C0063
2025-03-03,Cold Brew,Cold Coffee,1,4.5,4.5,C0031
2025-03-03,Espresso,Hot Coffee,1,2.95,2.95,C0142
2025-03-03,Drip Coffee,Hot Coffee,1,2.75,2.75,C0661
2025-03-03,Flat White,Hot Coffee,2,4.5,9.0,C0068
2025-03-04,Cappuccino,Hot Coffee,2,4.25,8.5,C0142
2025-03-04,Flat White,Hot Coffee,1,4.5,4.5,C0816
2025-03-04,Latte,Hot Coffee,1,4.5,4.5,C0050
2025-03-05,Cinnamon Roll,Bakery,1,4.25,4.25,C0144
2025-03-05,Cold Brew,Cold Coffee,1,4.5,4.5,C0956
2025-03-05,Drip Coffee,Hot Coffee,1,2.75,2.75,C0023
2025-03-05,Latte,Hot Coffee,2,4.5,9.0,C0069
2025-03-06,Mocha,Hot Coffee,1,4.95,4.95,C0864
2025-03-06,Croissant,Bakery,1,3.25,3.25,C0119
2025-03-06,Croissant,Bakery,1,3.25,3.25,C0066
2025-03-07,Chocolate Chip Cookie,Bakery,1,2.5,2.5,C0135
2025-03-07,Chai Latte,Tea,1,4.25,4.25,C0773
2025-03-07,Drip Coffee,Hot Coffee,1,2.75,2.75,C0088
2025-03-07,Frappe,Cold Coffee,2,5.5,11.0,C0120
2025-03-08,Breakfast Sandwich,Food,1,6.5,6.5,C0117
2025-03-08,Frappe,Cold Coffee,1,5.5,5.5,C0011
2025-03-09,Hot Tea,Tea,1,2.95,2.95,C0012
2025-03-09,Matcha Latte,Tea,1,4.95,4.95,C0092
2025-03-09,Espresso,Hot Coffee,1,2.95,2.95,C0129
2025-03-09,Drip Coffee,Hot Coffee,1,2.75,2.75,C0092
2025-03-09,Croissant,Bakery,1,3.25,3.25,C0043
2025-03-09,Croissant,Bakery,1,3.25,3.25,C0547
2025-03-10,Blueberry Muffin,Bakery,1,3.5,3.5,C0088
2025-03-10,Drip Coffee,Hot Coffee,1,2.75,2.75,C0032
2025-03-10,Espresso,Hot Coffee,1,2.95,2.95,C0088
2025-03-11,Americano,Hot Coffee,2,3.5,7.0,C0078
2025-03-11,Croissant,Bakery,1,3.25,3.25,C0132
2025-03-11,Drip Coffee,Hot Coffee,1,2.75,2.75,C0043
2025-03-11,Frappe,Cold Coffee,1,5.5,5.5,C0122
2025-03-11,Iced Latte,Cold Coffee,1,4.75,4.75,C0012
2025-03-11,Chocolate Chip Cookie,Bakery,1,2.5,2.5,C0091
2025-03-11,Chocolate Chip Cookie,Bakery,2,2.5,5.0,C0032
2025-03-12,Chocolate Chip Cookie,Bakery,1,2.5,2.5,C0023
2025-03-13,Drip Coffee,Hot Coffee,1,2.75,2.75,C0023
2025-03-13,Iced Latte,Cold Coffee,1,4.75,4.75,C0112
2025-03-15,Americano,Hot Coffee,1,3.5,3.5,C0129
2025-03-15,Avocado Toast,Food,2,7.5,15.0,C0638
2025-03-15,Hot Tea,Tea,1,2.95,2.95,C0074
2025-03-15,Bagel with Cream Cheese,Bakery,1,3.75,3.75,C0114
2025-03-16,Blueberry Muffin,Bakery,1,3.5,3.5,C0088
2025-03-16,Flat White,Hot Coffee,1,4.5,4.5,C0002
2025-03-16,Cinnamon Roll,Bakery,1,4.25,4.25,C0012
2025-03-16,Flat White,Hot Coffee,2,4.5,9.0,C0036
2025-03-16,Cappuccino,Hot Coffee,1,4.25,4.25,C0355
2025-03-16,Chai Latte,Tea,1,4.25,4.25,C0707
2025-03-17,Chocolate Chip Cookie,Bakery,1,2.5,2.5,C0088
2025-03-17,Bagel with Cream Cheese,Bakery,1,3.75,3.75,C0313
2025-03-17,Drip Coffee,Hot Coffee,1,2.75,2.75,C0114
2025-03-17,Latte,Hot Coffee,2,4.5,9.0,C0013
2025-03-17,Avocado Toast,Food,2,7.5,15.0,C0011
2025-03-18,Frappe,Cold Coffee,1,5.5,5.5,C0956
2025-03-19,Latte,Hot Coffee,1,4.5,4.5,C0508
2025-03-19,Cappuccino,Hot Coffee,1,4.25,4.25,C0990
2025-03-20,Blueberry Muffin,Bakery,1,3.5,3.5,C0142
2025-03-20,Drip Coffee,Hot Coffee,2,2.75,5.5,C0068
2025-03-20,Drip Coffee,Hot Coffee,1,2.75,2.75,C0756
2025-03-20,Avocado Toast,Food,2,7.5,15.0,C0067
2025-03-20,Chocolate Chip Cookie,Bakery,1,2.5,2.5,C0058
2025-03-20,Cinnamon Roll,Bakery,1,4.25,4.25,C0691
2025-03-21,Hot Tea,Tea,1,2.95,2.95,C0916
2025-03-21,Iced Tea,Tea,1,3.25,3.25,C0079
2025-03-21,Avocado Toast,Food,1,7.5,7.5,C0007
2025-03-21,Chocolate Chip Cookie,Bakery,1,2.5,2.5,C0913
2025-03-21,Croissant,Bakery,1,3.25,3.25,C0876
2025-03-21,Iced Latte,Cold Coffee,1,4.75,4.75,C0033
2025-03-21,Breakfast Sandwich,Food,1,6.5,6.5,C0012
2025-03-22,Drip Coffee,Hot Coffee,2,2.75,5.5,C0088
2025-03-22,Latte,Hot Coffee,1,4.5,4.5,C0072
2025-03-22,Breakfast Sandwich,Food,1,6.5,6.5,C0129
2025-03-22,Blueberry Muffin,Bakery,1,3.5,3.5,C0071
2025-03-22,Breakfast Sandwich,Food,1,6.5,6.5,C0286
2025-03-22,Cold Brew,Cold Coffee,1,4.5,4.5,C0444
2025-03-23,Frappe,Cold Coffee,1,5.5,5.5,C0989
2025-03-23,Croissant,Bakery,2,3.25,6.5,C0096
2025-03-23,Latte,Hot Coffee,1,4.5,4.5,C0632
2025-03-23,Hot Chocolate,Other,1,3.75,3.75,C0050
2025-03-24,Cold Brew,Cold Coffee,1,4.5,4.5,C0148
2025-03-24,Chocolate Chip Cookie,Bakery,1,2.5,2.5,C0023
2025-03-25,Iced Latte,Cold Coffee,1,4.75,4.75,C0107
2025-03-25,Hot Tea,Tea,1,2.95,2.95,C0117
2025-03-25,Matcha Latte,Tea,1,4.95,4.95,C0088
2025-03-25,Iced Americano,Cold Coffee,1,3.75,3.75,C0129
2025-03-25,Breakfast Sandwich,Food,2,6.5,13.0,C0318
2025-03-26,Iced Americano,Cold Coffee,1,3.75,3.75,C0038
2025-03-26,Drip Coffee,Hot Coffee,1,2.75,2.75,C0071
2025-03-26,Iced Tea,Tea,1,3.25,3.25,C0088
2025-03-26,Croissant,Bakery,1,3.25,3.25,C0154
2025-03-26,Iced Americano,Cold Coffee,1,3.75,3.75,C0579
2025-03-26,Chocolate Chip Cookie,Bakery,1,2.5,2.5,C0212
2025-03-26,Espresso,Hot Coffee,1,2.95,2.95,C0031
2025-03-27,Latte,Hot Coffee,1,4.5,4.5,C0069
2025-03-27,Frappe,Cold Coffee,2,5.5,11.0,C0078
2025-03-27,Cinnamon Roll,Bakery,1,4.25,4.25,C0055
2025-03-27,Mocha,Hot Coffee,1,4.95,4.95,C0098
2025-03-27,Espresso,Hot Coffee,1,2.95,2.95,C0107
2025-03-27,Hot Tea,Tea,2,2.95,5.9,C0036
2025-03-28,Chocolate Chip Cookie,Bakery,2,2.5,5.0,C0004
2025-03-28,Hot Chocolate,Other,1,3.75,3.75,C0050
2025-03-28,Cinnamon Roll,Bakery,1,4.25,4.25,C0009
2025-03-29,Frappe,Cold Coffee,2,5.5,11.0,C0138
2025-03-29,Americano,Hot Coffee,1,3.5,3.5,C0247
2025-03-29,Chai Latte,Tea,1,4.25,4.25,C0144
2025-03-29,Drip Coffee,Hot Coffee,1,2.75,2.75,C0069
2025-03-30,Latte,Hot Coffee,1,4.5,4.5,C0058
2025-03-30,Matcha Latte,Tea,1,4.95,4.95,C0098
2025-03-30,Espresso,Hot Coffee,1,2.95,2.95,C0129
2025-03-30,Latte,Hot Coffee,1,4.5,4.5,C0031
2025-03-30,Latte,Hot Coffee,2,4.5,9.0,C0193
2025-03-31,Latte,Hot Coffee,1,4.5,4.5,C0004
2025-03-31,Bagel with Cream Cheese,Bakery,1,3.75,3.75,C0582
2025-03-31,Latte,Hot Coffee,2,4.5,9.0,C0108
2025-03-31,Americano,Hot Coffee,1,3.5,3.5,C0125
2025-03-31,Drip Coffee,Hot Coffee,1,2.75,2.75,C0912
2025-04-01,Bagel with Cream Cheese,Bakery,1,3.75,3.75,C0096
2025-04-01,Drip Coffee,Hot Coffee,1,2.75,2.75,C0670
2025-04-01,Latte,Hot Coffee,2,4.5,9.0,C0135
2025-04-01,Chocolate Chip Cookie,Bakery,1,2.5,2.5,C0132
2025-04-02,Iced Americano,Cold Coffee,2,3.75,7.5,C0125
2025-04-02,Americano,Hot Coffee,1,3.5,3.5,C0430
2025-04-02,Americano,Hot Coffee,1,3.5,3.5,C0373
2025-04-03,Latte,Hot Coffee,1,4.5,4.5,C0050
2025-04-03,Frappe,Cold Coffee,1,5.5,5.5,C0986
2025-04-03,Chocolate Chip Cookie,Bakery,1,2.5,2.5,C0068
2025-04-03,Blueberry Muffin,Bakery,1,3.5,3.5,C0654
2025-04-03,Drip Coffee,Hot Coffee,1,2.75,2.75,C0489
2025-04-03,Espresso,Hot Coffee,1,2.95,2.95,C0010
2025-04-04,Bagel with Cream Cheese,Bakery,1,3.75,3.75,C0150
2025-04-05,Flat White,Hot Coffee,1,4.5,4.5,C0068
2025-04-05,Hot Tea,Tea,1,2.95,2.95,C0143
2025-04-05,Flat White,Hot Coffee,1,4.5,4.5,C0012
2025-04-05,Iced Tea,Tea,1,3.25,3.25,C0114
2025-04-05,Drip Coffee,Hot Coffee,1,2.75,2.75,C0135
2025-04-05,Drip Coffee,Hot Coffee,1,2.75,2.75,C0010
2025-04-05,Chocolate Chip Cookie,Bakery,1,2.5,2.5,C0093
2025-04-05,Latte,Hot Coffee,1,4.5,4.5,C0093
2025-04-05,Americano,Hot Coffee,1,3.5,3.5,C0090
2025-04-06,Chocolate Chip Cookie,Bakery,1,2.5,2.5,C0990
2025-04-06,Iced Latte,Cold Coffee,1,4.75,4.75,C0916
2025-04-06,Drip Coffee,Hot Coffee,1,2.75,2.75,C0041
2025-04-06,Iced Americano,Cold Coffee,1,3.75,3.75,C0312
2025-04-07,Bagel with Cream Cheese,Bakery,1,3.75,3.75,C0143
2025-04-07,Iced Americano,Cold Coffee,1,3.75,3.75,C0070
2025-04-08,Iced Latte,Cold Coffee,1,4.75,4.75,C0102
2025-04-08,Grilled Panini,Food,2,7.95,15.9,C0016
2025-04-09,Breakfast Sandwich,Food,1,6.5,6.5,C0487
2025-04-09,Frappe,Cold Coffee,1,5.5,5.5,C0615
2025-04-09,Flat White,Hot Coffee,1,4.5,4.5,C0494
2025-04-09,Frappe,Cold Coffee,1,5.5,5.5,C0093
2025-04-10,Hot Tea,Tea,1,2.95,2.95,C0608
2025-04-10,Bagel with Cream Cheese,Bakery,1,3.75,3.75,C0318
2025-04-10,Cold Brew,Cold Coffee,1,4.5,4.5,C0393
2025-04-11,Latte,Hot Coffee,1,4.5,4.5,C0026
2025-04-11,Drip Coffee,Hot Coffee,2,2.75,5.5,C0501
2025-04-12,Hot Chocolate,Other,2,3.75,7.5,C0553
2025-04-12,Avocado Toast,Food,1,7.5,7.5,C0640
2025-04-12,Latte,Hot Coffee,1,4.5,4.5,C0026
2025-04-12,Cinnamon Roll,Bakery,1,4.25,4.25,C0020
2025-04-13,Cinnamon Roll,Bakery,3,4.25,12.75,C0090
2025-04-13,Hot Chocolate,Other,1,3.75,3.75,C0041
2025-04-13,Latte,Hot Coffee,1,4.5,4.5,C0769
2025-04-13,Drip Coffee,Hot Coffee,1,2.75,2.75,C0059
2025-04-14,Iced Americano,Cold Coffee,1,3.75,3.75,C0013
2025-04-14,Iced Latte,Cold Coffee,1,4.75,4.75,C0053
2025-04-14,Iced Latte,Cold Coffee,2,4.75,9.5,C0107
2025-04-15,Cappuccino,Hot Coffee,1,4.25,4.25,C0007
2025-04-15,Drip Coffee,Hot Coffee,1,2.75,2.75,C0023
2025-04-16,Avocado Toast,Food,1,7.5,7.5,C0135
2025-04-17,Latte,Hot Coffee,1,4.5,4.5,C0638
2025-04-17,Iced Latte,Cold Coffee,1,4.75,4.75,C0103
2025-04-17,Mocha,Hot Coffee,2,4.95,9.9,C0043
2025-04-18,Matcha Latte,Tea,1,4.95,4.95,C0013
2025-04-18,Drip Coffee,Hot Coffee,3,2.75,8.25,C0105
2025-04-18,Flat White,Hot Coffee,1,4.5,4.5,C0440
2025-04-18,Iced Americano,Cold Coffee,1,3.75,3.75,C0012
2025-04-18,Drip Coffee,Hot Coffee,1,2.75,2.75,C0036
2025-04-18,Cappuccino,Hot Coffee,1,4.25,4.25,C0007
2025-04-18,Drip Coffee,Hot Coffee,1,2.75,2.75,C0606
2025-04-18,Chocolate Chip Cookie,Bakery,1,2.5,2.5,C0120
2025-04-19,Flat White,Hot Coffee,1,4.5,4.5,C0135
2025-04-19,Drip Coffee,Hot Coffee,2,2.75,5.5,C0024
2025-04-19,Iced Americano,Cold Coffee,2,3.75,7.5,C0115
2025-04-20,Iced Latte,Cold Coffee,1,4.75,4.75,C0012
2025-04-20,Bottled Water,Other,1,2.0,2.0,C0080
2025-04-20,Hot Chocolate,Other,2,3.75,7.5,C0052
2025-04-20,Latte,Hot Coffee,1,4.5,4.5,C0870
2025-04-20,Flat White,Hot Coffee,1,4.5,4.5,C0088
2025-04-20,Chai Latte,Tea,1,4.25,4.25,C0324
2025-04-21,Mocha,Hot Coffee,1,4.95,4.95,C0020
2025-04-21,Drip Coffee,Hot Coffee,1,2.75,2.75,C0114
2025-04-21,Croissant,Bakery,1,3.25,3.25,C0050
2025-04-21,Mocha,Hot Coffee,1,4.95,4.95,C0001
2025-04-22,Mocha,Hot Coffee,2,4.95,9.9,C0050
2025-04-23,Cappuccino,Hot Coffee,1,4.25,4.25,C0093
2025-04-23,Cappuccino,Hot Coffee,1,4.25,4.25,C0036
2025-04-24,Hot Tea,Tea,1,2.95,2.95,C0781
2025-04-24,Chai Latte,Tea,1,4.25,4.25,C0247
2025-04-24,Hot Tea,Tea,1,2.95,2.95,C0455
2025-04-24,Blueberry Muffin,Bakery,1,3.5,3.5,C0212
2025-04-24,Mocha,Hot Coffee,1,4.95,4.95,C0072
2025-04-25,Frappe,Cold Coffee,1,5.5,5.5,C0129
2025-04-25,Croissant,Bakery,3,3.25,9.75,C0142
2025-04-25,Mocha,Hot Coffee,1,4.95,4.95,C0093
2025-04-25,Drip Coffee,Hot Coffee,1,2.75,2.75,C0119
2025-04-25,Breakfast Sandwich,Food,1,6.5,6.5,C0705
2025-04-26,Iced Latte,Cold Coffee,1,4.75,4.75,C0090
2025-04-26,Iced Latte,Cold Coffee,1,4.75,4.75,C0007
2025-04-26,Hot Chocolate,Other,1,3.75,3.75,C0112
2025-04-26,Croissant,Bakery,1,3.25,3.25,C0472
2025-04-26,Flat White,Hot Coffee,1,4.5,4.5,C0142
2025-04-26,Flat White,Hot Coffee,2,4.5,9.0,C0036
2025-04-27,Cold Brew,Cold Coffee,3,4.5,13.5,C0407
2025-04-27,Latte,Hot Coffee,1,4.5,4.5,C0009
2025-04-27,Cappuccino,Hot Coffee,1,4.25,4.25,C0088
2025-04-28,Cold Brew,Cold Coffee,1,4.5,4.5,C0117
2025-04-28,Cold Brew,Cold Coffee,1,4.5,4.5,C0033
2025-04-30,Iced Latte,Cold Coffee,1,4.75,4.75,C0006
2025-04-30,Espresso,Hot Coffee,1,2.95,2.95,C0580
2025-05-02,Iced Americano,Cold Coffee,1,3.75,3.75,C0041
2025-05-02,Latte,Hot Coffee,1,4.5,4.5,C0093
2025-05-02,Iced Latte,Cold Coffee,1,4.75,4.75,C0154
2025-05-02,Chai Latte,Tea,1,4.25,4.25,C0036
2025-05-02,Americano,Hot Coffee,1,3.5,3.5,C0092
2025-05-03,Mocha,Hot Coffee,1,4.95,4.95,C0494
2025-05-03,Cold Brew,Cold Coffee,2,4.5,9.0,C0043
2025-05-03,Iced Latte,Cold Coffee,1,4.75,4.75,C0071
2025-05-03,Avocado Toast,Food,1,7.5,7.5,C0012
2025-05-03,Cold Brew,Cold Coffee,1,4.5,4.5,C0088
2025-05-04,Drip Coffee,Hot Coffee,2,2.75,5.5,C0831
2025-05-04,Chocolate Chip Cookie,Bakery,1,2.5,2.5,C0904
2025-05-04,Cappuccino,Hot Coffee,1,4.25,4.25,C0129
2025-05-04,Latte,Hot Coffee,1,4.5,4.5,C0078
2025-05-05,Cold Brew,Cold Coffee,1,4.5,4.5,C0177
2025-05-05,Latte,Hot Coffee,1,4.5,4.5,C0010
2025-05-05,Breakfast Sandwich,Food,2,6.5,13.0,C0687
2025-05-05,Breakfast Sandwich,Food,1,6.5,6.5,C0050
2025-05-05,Hot Tea,Tea,1,2.95,2.95,C0023
2025-05-06,Drip Coffee,Hot Coffee,1,2.75,2.75,C0093
2025-05-07,Frappe,Cold Coffee,1,5.5,5.5,C0235
2025-05-07,Drip Coffee,Hot Coffee,1,2.75,2.75,C0040
2025-05-07,Drip Coffee,Hot Coffee,1,2.75,2.75,C0142
2025-05-08,Espresso,Hot Coffee,1,2.95,2.95,C0012
2025-05-08,Iced Latte,Cold Coffee,1,4.75,4.75,C0553
2025-05-09,Bottled Water,Other,2,2.0,4.0,C0701
2025-05-09,Flat White,Hot Coffee,2,4.5,9.0,C0207
2025-05-10,Matcha Latte,Tea,2,4.95,9.9,C0217
2025-05-10,Bottled Water,Other,1,2.0,2.0,C0150
2025-05-10,Espresso,Hot Coffee,2,2.95,5.9,C0012
2025-05-10,Chocolate Chip Cookie,Bakery,1,2.5,2.5,C0027
2025-05-10,Chocolate Chip Cookie,Bakery,1,2.5,2.5,C0109
2025-05-10,Latte,Hot Coffee,1,4.5,4.5,C0107
2025-05-10,Hot Chocolate,Other,2,3.75,7.5,C0039
2025-05-11,Iced Tea,Tea,1,3.25,3.25,C0128
2025-05-11,Cold Brew,Cold Coffee,1,4.5,4.5,C0044
2025-05-11,Iced Americano,Cold Coffee,2,3.75,7.5,C0078
2025-05-11,Croissant,Bakery,1,3.25,3.25,C0632
2025-05-11,Cold Brew,Cold Coffee,1,4.5,4.5,C0016
2025-05-12,Americano,Hot Coffee,2,3.5,7.0,C0092
2025-05-13,Cold Brew,Cold Coffee,1,4.5,4.5,C0078
2025-05-13,Cold Brew,Cold Coffee,1,4.5,4.5,C0090
2025-05-13,Croissant,Bakery,2,3.25,6.5,C0070
2025-05-14,Avocado Toast,Food,1,7.5,7.5,C0093
2025-05-14,Cinnamon Roll,Bakery,2,4.25,8.5,C0059
2025-05-15,Croissant,Bakery,1,3.25,3.25,C0105
2025-05-16,Breakfast Sandwich,Food,1,6.5,6.5,C0090
2025-05-16,Blueberry Muffin,Bakery,1,3.5,3.5,C0325
2025-05-17,Mocha,Hot Coffee,1,4.95,4.95,C0843
2025-05-18,Cold Brew,Cold Coffee,1,4.5,4.5,C0071
2025-05-19,Iced Americano,Cold Coffee,1,3.75,3.75,C0072
2025-05-19,Latte,Hot Coffee,1,4.5,4.5,C0090
2025-05-19,Cinnamon Roll,Bakery,2,4.25,8.5,C0039
2025-05-21,Drip Coffee,Hot Coffee,1,2.75,2.75,C0177
2025-05-21,Bottled Water,Other,1,2.0,2.0,C0059
2025-05-22,Cinnamon Roll,Bakery,1,4.25,4.25,C0142
2025-05-22,Espresso,Hot Coffee,3,2.95,8.85,C0305
2025-05-22,Cold Brew,Cold Coffee,1,4.5,4.5,C0031
2025-05-22,Croissant,Bakery,1,3.25,3.25,C0654
2025-05-22,Cinnamon Roll,Bakery,1,4.25,4.25,C0058
2025-05-23,Chai Latte,Tea,1,4.25,4.25,C0117
2025-05-23,Blueberry Muffin,Bakery,1,3.5,3.5,C0480
2025-05-23,Mocha,Hot Coffee,1,4.95,4.95,C0421
2025-05-23,Latte,Hot Coffee,1,4.5,4.5,C0026
2025-05-24,Cappuccino,Hot Coffee,1,4.25,4.25,C0002
2025-05-24,Croissant,Bakery,1,3.25,3.25,C0313
2025-05-24,Bottled Water,Other,2,2.0,4.0,C0091
2025-05-24,Cappuccino,Hot Coffee,1,4.25,4.25,C0859
2025-05-24,Hot Tea,Tea,1,2.95,2.95,C0114
2025-05-24,Cappuccino,Hot Coffee,1,4.25,4.25,C0027
2025-05-25,Iced Latte,Cold Coffee,1,4.75,4.75,C0778
2025-05-25,Latte,Hot Coffee,2,4.5,9.0,C0016
2025-05-25,Drip Coffee,Hot Coffee,1,2.75,2.75,C0092
2025-05-25,Hot Tea,Tea,1,2.95,2.95,C0096
2025-05-25,Blueberry Muffin,Bakery,1,3.5,3.5,C0023
2025-05-25,Latte,Hot Coffee,1,4.5,4.5,C0088
2025-05-26,Cold Brew,Cold Coffee,2,4.5,9.0,C0765
2025-05-27,Chocolate Chip Cookie,Bakery,1,2.5,2.5,C0043
2025-05-28,Cold Brew,Cold Coffee,1,4.5,4.5,C0320
2025-05-28,Iced Tea,Tea,1,3.25,3.25,C0147
2025-05-29,Cold Brew,Cold Coffee,1,4.5,4.5,C0143
2025-05-29,Espresso,Hot Coffee,1,2.95,2.95,C0286
2025-05-30,Cold Brew,Cold Coffee,1,4.5,4.5,C0117
2025-05-30,Croissant,Bakery,1,3.25,3.25,C0604
2025-05-30,Americano,Hot Coffee,3,3.5,10.5,C0050
2025-05-30,Croissant,Bakery,1,3.25,3.25,C0253
2025-05-30,Croissant,Bakery,1,3.25,3.25,C0876
2025-05-30,Espresso,Hot Coffee,1,2.95,2.95,C0632
2025-05-31,Chocolate Chip Cookie,Bakery,1,2.5,2.5,C0096
2025-05-31,Iced Latte,Cold Coffee,1,4.75,4.75,C0638
2025-05-31,Americano,Hot Coffee,1,3.5,3.5,C0249
2025-05-31,Flat White,Hot Coffee,3,4.5,13.5,C0925
2025-05-31,Blueberry Muffin,Bakery,1,3.5,3.5,C0694
2025-06-01,Iced Tea,Tea,1,3.25,3.25,C0586
2025-06-02,Cold Brew,Cold Coffee,1,4.5,4.5,C0123
2025-06-02,Bagel with Cream Cheese,Bakery,2,3.75,7.5,C0098
2025-06-02,Drip Coffee,Hot Coffee,1,2.75,2.75,C0077
2025-06-03,Cinnamon Roll,Bakery,1,4.25,4.25,C0008
2025-06-03,Blueberry Muffin,Bakery,1,3.5,3.5,C0843
2025-06-04,Frappe,Cold Coffee,1,5.5,5.5,C0026
2025-06-04,Blueberry Muffin,Bakery,2,3.5,7.0,C0097
2025-06-04,Americano,Hot Coffee,1,3.5,3.5,C0247
2025-06-04,Espresso,Hot Coffee,1,2.95,2.95,C0142
2025-06-04,Blueberry Muffin,Bakery,1,3.5,3.5,C0040
2025-06-05,Iced Latte,Cold Coffee,1,4.75,4.75,C0004
2025-06-05,Hot Chocolate,Other,3,3.75,11.25,C0107
2025-06-05,Iced Latte,Cold Coffee,1,4.75,4.75,C0012
2025-06-07,Cappuccino,Hot Coffee,1,4.25,4.25,C0707
2025-06-07,Espresso,Hot Coffee,1,2.95,2.95,C0280
2025-06-07,Latte,Hot Coffee,1,4.5,4.5,C0124
2025-06-07,Cold Brew,Cold Coffee,2,4.5,9.0,C0107
2025-06-08,Bagel with Cream Cheese,Bakery,1,3.75,3.75,C0058
2025-06-08,Drip Coffee,Hot Coffee,1,2.75,2.75,C0621
2025-06-08,Frappe,Cold Coffee,1,5.5,5.5,C0050
2025-06-08,Croissant,Bakery,2,3.25,6.5,C0557
2025-06-09,Americano,Hot Coffee,1,3.5,3.5,C0043
2025-06-09,Cinnamon Roll,Bakery,1,4.25,4.25,C0093
2025-06-10,Breakfast Sandwich,Food,2,6.5,13.0,C0120
2025-06-10,Cold Brew,Cold Coffee,1,4.5,4.5,C0107
2025-06-10,Iced Tea,Tea,1,3.25,3.25,C0129
2025-06-11,Blueberry Muffin,Bakery,1,3.5,3.5,C0032
2025-06-11,Matcha Latte,Tea,2,4.95,9.9,C0129
2025-06-11,Cold Brew,Cold Coffee,2,4.5,9.0,C0295
2025-06-11,Chai Latte,Tea,1,4.25,4.25,C0895
2025-06-11,Hot Tea,Tea,1,2.95,2.95,C0916
2025-06-11,Cold Brew,Cold Coffee,1,4.5,4.5,C0498
2025-06-12,Iced Latte,Cold Coffee,1,4.75,4.75,C0150
2025-06-13,Chocolate Chip Cookie,Bakery,1,2.5,2.5,C0997
2025-06-14,Iced Latte,Cold Coffee,1,4.75,4.75,C0013
2025-06-14,Iced Latte,Cold Coffee,1,4.75,4.75,C0082
2025-06-15,Flat White,Hot Coffee,1,4.5,4.5,C0017
2025-06-15,Bagel with Cream Cheese,Bakery,1,3.75,3.75,C0107
2025-06-15,Cappuccino,Hot Coffee,2,4.25,8.5,C0052
2025-06-15,Americano,Hot Coffee,1,3.5,3.5,C0002
2025-06-15,Iced Latte,Cold Coffee,3,4.75,14.25,C0016
2025-06-15,Croissant,Bakery,1,3.25,3.25,C0198
2025-06-16,Chocolate Chip Cookie,Bakery,1,2.5,2.5,C0090
2025-06-16,Iced Latte,Cold Coffee,1,4.75,4.75,C0002
2025-06-16,Drip Coffee,Hot Coffee,1,2.75,2.75,C0764
2025-06-17,Cinnamon Roll,Bakery,1,4.25,4.25,C0022
2025-06-17,Latte,Hot Coffee,1,4.5,4.5,C0052
2025-06-17,Croissant,Bakery,1,3.25,3.25,C0122
2025-06-17,Iced Tea,Tea,1,3.25,3.25,C0420
2025-06-18,Chocolate Chip Cookie,Bakery,1,2.5,2.5,C0071
2025-06-18,Mocha,Hot Coffee,1,4.95,4.95,C0134
2025-06-19,Drip Coffee,Hot Coffee,1,2.75,2.75,C0778
2025-06-20,Iced Tea,Tea,1,3.25,3.25,C0109
2025-06-20,Hot Chocolate,Other,1,3.75,3.75,C0078
2025-06-20,Iced Tea,Tea,1,3.25,3.25,C0128
2025-06-20,Frappe,Cold Coffee,2,5.5,11.0,C0891
2025-06-21,Iced Latte,Cold Coffee,1,4.75,4.75,C0036
2025-06-21,Croissant,Bakery,1,3.25,3.25,C0578
2025-06-21,Cappuccino,Hot Coffee,1,4.25,4.25,C0462
2025-06-21,Bagel with Cream Cheese,Bakery,1,3.75,3.75,C0098
2025-06-22,Iced Tea,Tea,1,3.25,3.25,C0093
2025-06-22,Americano,Hot Coffee,1,3.5,3.5,C0142
2025-06-22,Cold Brew,Cold Coffee,2,4.5,9.0,C0692
2025-06-22,Avocado Toast,Food,2,7.5,15.0,C0125
2025-06-22,Drip Coffee,Hot Coffee,1,2.75,2.75,C0502
2025-06-23,Iced Americano,Cold Coffee,1,3.75,3.75,C0707
2025-06-23,Cold Brew,Cold Coffee,1,4.5,4.5,C0490
2025-06-23,Latte,Hot Coffee,1,4.5,4.5,C0093
2025-06-24,Croissant,Bakery,1,3.25,3.25,C0117
2025-06-25,Matcha Latte,Tea,1,4.95,4.95,C0947
2025-06-26,Iced Americano,Cold Coffee,2,3.75,7.5,C0129
2025-06-26,Cold Brew,Cold Coffee,1,4.5,4.5,C0113
2025-06-26,Espresso,Hot Coffee,1,2.95,2.95,C0027
2025-06-27,Matcha Latte,Tea,1,4.95,4.95,C0268
2025-06-27,Matcha Latte,Tea,2,4.95,9.9,C0554
2025-06-28,Drip Coffee,Hot Coffee,1,2.75,2.75,C0013
2025-06-28,Cold Brew,Cold Coffee,1,4.5,4.5,C0425
2025-06-28,Cold Brew,Cold Coffee,1,4.5,4.5,C0603
2025-06-28,Cappuccino,Hot Coffee,1,4.25,4.25,C0114
2025-06-28,Cold Brew,Cold Coffee,1,4.5,4.5,C0304
2025-06-28,Cold Brew,Cold Coffee,1,4.5,4.5,C0122
2025-06-28,Cold Brew,Cold Coffee,3,4.5,13.5,C0058
2025-06-28,Cold Brew,Cold Coffee,1,4.5,4.5,C0462
2025-06-29,Drip Coffee,Hot Coffee,2,2.75,5.5,C0093
2025-06-29,Latte,Hot Coffee,1,4.5,4.5,C0149
2025-06-29,Latte,Hot Coffee,1,4.5,4.5,C0002
2025-06-29,Chai Latte,Tea,1,4.25,4.25,C0055
2025-06-29,Frappe,Cold Coffee,2,5.5,11.0,C0376
2025-06-30,Cold Brew,Cold Coffee,2,4.5,9.0,C0009
2025-06-30,Iced Latte,Cold Coffee,1,4.75,4.75,C0125
2025-07-01,Iced Latte,Cold Coffee,1,4.75,4.75,C0535
2025-07-01,Hot Tea,Tea,1,2.95,2.95,C0098
2025-07-02,Cold Brew,Cold Coffee,1,4.5,4.5,C0081
2025-07-02,Iced Latte,Cold Coffee,1,4.75,4.75,C0942
2025-07-02,Frappe,Cold Coffee,1,5.5,5.5,C0107
2025-07-03,Croissant,Bakery,1,3.25,3.25,C0078
2025-07-04,Matcha Latte,Tea,1,4.95,4.95,C0142
2025-07-04,Latte,Hot Coffee,1,4.5,4.5,C0107
2025-07-05,Matcha Latte,Tea,1,4.95,4.95,C0105
2025-07-05,Blueberry Muffin,Bakery,2,3.5,7.0,C0360
2025-07-05,Bagel with Cream Cheese,Bakery,1,3.75,3.75,C0036
2025-07-05,Cold Brew,Cold Coffee,1,4.5,4.5,C0117
2025-07-05,Iced Latte,Cold Coffee,2,4.75,9.5,C0027
2025-07-05,Croissant,Bakery,1,3.25,3.25,C0088
2025-07-05,Frappe,Cold Coffee,1,5.5,5.5,C0143
2025-07-05,Frappe,Cold Coffee,1,5.5,5.5,C0078
2025-07-06,Iced Latte,Cold Coffee,1,4.75,4.75,C0016
2025-07-07,Mocha,Hot Coffee,1,4.95,4.95,C0916
2025-07-07,Matcha Latte,Tea,1,4.95,4.95,C0142
2025-07-07,Mocha,Hot Coffee,1,4.95,4.95,C0827
2025-07-07,Cappuccino,Hot Coffee,1,4.25,4.25,C0103
2025-07-08,Bagel with Cream Cheese,Bakery,3,3.75,11.25,C0084
2025-07-08,Matcha Latte,Tea,1,4.95,4.95,C0027
2025-07-08,Croissant,Bakery,1,3.25,3.25,C0010
2025-07-08,Iced Americano,Cold Coffee,1,3.75,3.75,C0135
2025-07-08,Matcha Latte,Tea,1,4.95,4.95,C0956
2025-07-08,Iced Latte,Cold Coffee,1,4.75,4.75,C0719
2025-07-08,Bottled Water,Other,1,2.0,2.0,C0171
2025-07-10,Mocha,Hot Coffee,3,4.95,14.85,C0876
2025-07-11,Cold Brew,Cold Coffee,1,4.5,4.5,C0186
2025-07-12,Cappuccino,Hot Coffee,1,4.25,4.25,C0071
2025-07-12,Flat White,Hot Coffee,1,4.5,4.5,C0112
2025-07-12,Iced Latte,Cold Coffee,1,4.75,4.75,C0068
2025-07-12,Americano,Hot Coffee,1,3.5,3.5,C0041
2025-07-12,Iced Latte,Cold Coffee,1,4.75,4.75,C0753
2025-07-12,Iced Latte,Cold Coffee,1,4.75,4.75,C0012
2025-07-13,Cold Brew,Cold Coffee,1,4.5,4.5,C0004
2025-07-13,Iced Latte,Cold Coffee,1,4.75,4.75,C0069
2025-07-13,Flat White,Hot Coffee,1,4.5,4.5,C0144
2025-07-13,Iced Americano,Cold Coffee,1,3.75,3.75,C0016
2025-07-14,Cold Brew,Cold Coffee,1,4.5,4.5,C0132
2025-07-14,Breakfast Sandwich,Food,1,6.5,6.5,C0129
2025-07-14,Grilled Panini,Food,1,7.95,7.95,C0134
2025-07-14,Iced Latte,Cold Coffee,1,4.75,4.75,C0068
2025-07-15,Drip Coffee,Hot Coffee,1,2.75,2.75,C0859
2025-07-15,Breakfast Sandwich,Food,1,6.5,6.5,C0129
2025-07-16,Croissant,Bakery,1,3.25,3.25,C0068
2025-07-17,Croissant,Bakery,1,3.25,3.25,C0969
2025-07-17,Chocolate Chip Cookie,Bakery,1,2.5,2.5,C0466
2025-07-18,Chai Latte,Tea,2,4.25,8.5,C0268
2025-07-18,Iced Tea,Tea,1,3.25,3.25,C0298
2025-07-19,Iced Tea,Tea,2,3.25,6.5,C0088
2025-07-19,Iced Latte,Cold Coffee,1,4.75,4.75,C0107
2025-07-19,Frappe,Cold Coffee,3,5.5,16.5,C0069
2025-07-19,Blueberry Muffin,Bakery,1,3.5,3.5,C0030
2025-07-19,Chocolate Chip Cookie,Bakery,1,2.5,2.5,C0052
2025-07-20,Frappe,Cold Coffee,1,5.5,5.5,C0183
2025-07-20,Croissant,Bakery,1,3.25,3.25,C0753
2025-07-20,Hot Tea,Tea,1,2.95,2.95,C0117
2025-07-21,Iced Americano,Cold Coffee,1,3.75,3.75,C0080
2025-07-21,Frappe,Cold Coffee,1,5.5,5.5,C0363
2025-07-21,Chai Latte,Tea,2,4.25,8.5,C0222
2025-07-22,Chai Latte,Tea,1,4.25,4.25,C0913
2025-07-23,Matcha Latte,Tea,1,4.95,4.95,C0074
2025-07-23,Croissant,Bakery,1,3.25,3.25,C0762
2025-07-23,Iced Americano,Cold Coffee,1,3.75,3.75,C0072
2025-07-23,Iced Latte,Cold Coffee,1,4.75,4.75,C0031
2025-07-23,Frappe,Cold Coffee,1,5.5,5.5,C0121
2025-07-25,Chai Latte,Tea,1,4.25,4.25,C0362
2025-07-25,Frappe,Cold Coffee,2,5.5,11.0,C0074
2025-07-26,Frappe,Cold Coffee,1,5.5,5.5,C0498
2025-07-26,Drip Coffee,Hot Coffee,1,2.75,2.75,C0036
2025-07-27,Bottled Water,Other,1,2.0,2.0,C0058
2025-07-27,Bottled Water,Other,1,2.0,2.0,C0338
2025-07-28,Chai Latte,Tea,1,4.25,4.25,C0023
2025-07-28,Latte,Hot Coffee,2,4.5,9.0,C0052
2025-07-28,Drip Coffee,Hot Coffee,1,2.75,2.75,C0757
2025-07-28,Latte,Hot Coffee,1,4.5,4.5,C0109
2025-07-29,Bagel with Cream Cheese,Bakery,1,3.75,3.75,C0278
2025-07-30,Avocado Toast,Food,1,7.5,7.5,C0127
2025-07-31,Cinnamon Roll,Bakery,1,4.25,4.25,C0012
2025-07-31,Cold Brew,Cold Coffee,1,4.5,4.5,C0940
2025-07-31,Chocolate Chip Cookie,Bakery,1,2.5,2.5,C0001
2025-07-31,Latte,Hot Coffee,1,4.5,4.5,C0203
2025-07-31,Drip Coffee,Hot Coffee,3,2.75,8.25,C0050
2025-07-31,Frappe,Cold Coffee,3,5.5,16.5,C0913
2025-08-01,Iced Latte,Cold Coffee,1,4.75,4.75,C0014
2025-08-01,Iced Americano,Cold Coffee,1,3.75,3.75,C0109
2025-08-02,Chai Latte,Tea,1,4.25,4.25,C0040
2025-08-02,Avocado Toast,Food,1,7.5,7.5,C0022
2025-08-02,Drip Coffee,Hot Coffee,2,2.75,5.5,C0028
2025-08-02,Iced Latte,Cold Coffee,2,4.75,9.5,C0133
2025-08-03,Iced Tea,Tea,1,3.25,3.25,C0036
2025-08-04,Bottled Water,Other,1,2.0,2.0,C0107
2025-08-04,Iced Latte,Cold Coffee,1,4.75,4.75,C0078
2025-08-04,Grilled Panini,Food,3,7.95,23.85,C0069
2025-08-05,Cold Brew,Cold Coffee,1,4.5,4.5,C0090
2025-08-06,Cold Brew,Cold Coffee,1,4.5,4.5,C0087
2025-08-06,Bagel with Cream Cheese,Bakery,1,3.75,3.75,C0030
2025-08-06,Americano,Hot Coffee,1,3.5,3.5,C0002
2025-08-06,Frappe,Cold Coffee,1,5.5,5.5,C0057
2025-08-07,Grilled Panini,Food,1,7.95,7.95,C0090
2025-08-08,Cold Brew,Cold Coffee,1,4.5,4.5,C0423
2025-08-08,Iced Tea,Tea,1,3.25,3.25,C0988
2025-08-08,Flat White,Hot Coffee,1,4.5,4.5,C0018
2025-08-08,Iced Latte,Cold Coffee,1,4.75,4.75,C0880
2025-08-08,Frappe,Cold Coffee,1,5.5,5.5,C0468
2025-08-08,Chocolate Chip Cookie,Bakery,1,2.5,2.5,C0553
2025-08-08,Iced Latte,Cold Coffee,1,4.75,4.75,C0040
2025-08-09,Frappe,Cold Coffee,1,5.5,5.5,C0550
2025-08-10,Iced Tea,Tea,1,3.25,3.25,C0098
2025-08-10,Iced Latte,Cold Coffee,1,4.75,4.75,C0070
2025-08-11,Iced Latte,Cold Coffee,1,4.75,4.75,C0120
2025-08-11,Iced Latte,Cold Coffee,1,4.75,4.75,C0011
2025-08-12,Hot Tea,Tea,2,2.95,5.9,C0071
2025-08-12,Frappe,Cold Coffee,1,5.5,5.5,C0026
2025-08-13,Iced Tea,Tea,1,3.25,3.25,C0463
2025-08-13,Frappe,Cold Coffee,1,5.5,5.5,C0719
2025-08-14,Iced Latte,Cold Coffee,1,4.75,4.75,C0001
2025-08-14,Hot Tea,Tea,3,2.95,8.85,C0880
2025-08-14,Cold Brew,Cold Coffee,1,4.5,4.5,C0638
2025-08-15,Cold Brew,Cold Coffee,1,4.5,4.5,C0143
2025-08-15,Bagel with Cream Cheese,Bakery,1,3.75,3.75,C0023
2025-08-15,Iced Latte,Cold Coffee,1,4.75,4.75,C0089
2025-08-15,Cold Brew,Cold Coffee,1,4.5,4.5,C0068
2025-08-16,Croissant,Bakery,1,3.25,3.25,C0595
2025-08-16,Americano,Hot Coffee,1,3.5,3.5,C0331
2025-08-16,Cold Brew,Cold Coffee,1,4.5,4.5,C0013
2025-08-17,Croissant,Bakery,1,3.25,3.25,C0129
2025-08-18,Croissant,Bakery,2,3.25,6.5,C0468
2025-08-18,Hot Chocolate,Other,1,3.75,3.75,C0284
2025-08-18,Frappe,Cold Coffee,1,5.5,5.5,C0604
2025-08-19,Frappe,Cold Coffee,1,5.5,5.5,C0812
2025-08-19,Cold Brew,Cold Coffee,1,4.5,4.5,C0088
2025-08-19,Frappe,Cold Coffee,1,5.5,5.5,C0203
2025-08-19,Chocolate Chip Cookie,Bakery,1,2.5,2.5,C0036
2025-08-20,Croissant,Bakery,1,3.25,3.25,C0018
2025-08-20,Hot Tea,Tea,1,2.95,2.95,C0923
2025-08-20,Cold Brew,Cold Coffee,1,4.5,4.5,C0788
2025-08-20,Drip Coffee,Hot Coffee,1,2.75,2.75,C0069
2025-08-21,Iced Latte,Cold Coffee,2,4.75,9.5,C0055
2025-08-21,Iced Latte,Cold Coffee,1,4.75,4.75,C0112
2025-08-21,Latte,Hot Coffee,1,4.5,4.5,C0027
2025-08-21,Cold Brew,Cold Coffee,1,4.5,4.5,C0142
2025-08-22,Cappuccino,Hot Coffee,1,4.25,4.25,C0180
2025-08-22,Cinnamon Roll,Bakery,1,4.25,4.25,C0150
2025-08-23,Drip Coffee,Hot Coffee,1,2.75,2.75,C0129
2025-08-23,Bottled Water,Other,1,2.0,2.0,C0085
2025-08-24,Espresso,Hot Coffee,1,2.95,2.95,C0107
2025-08-24,Matcha Latte,Tea,1,4.95,4.95,C0403
2025-08-25,Chocolate Chip Cookie,Bakery,1,2.5,2.5,C0148
2025-08-25,Latte,Hot Coffee,1,4.5,4.5,C0198
2025-08-26,Cappuccino,Hot Coffee,1,4.25,4.25,C0068
2025-08-26,Flat White,Hot Coffee,1,4.5,4.5,C0142
2025-08-26,Mocha,Hot Coffee,3,4.95,14.85,C0016
2025-08-26,Iced Americano,Cold Coffee,1,3.75,3.75,C0004
2025-08-27,Matcha Latte,Tea,1,4.95,4.95,C0496
2025-08-27,Cold Brew,Cold Coffee,1,4.5,4.5,C0177
2025-08-27,Blueberry Muffin,Bakery,1,3.5,3.5,C0063
2025-08-27,Cold Brew,Cold Coffee,3,4.5,13.5,C0581
2025-08-27,Mocha,Hot Coffee,1,4.95,4.95,C0099
2025-08-27,Chai Latte,Tea,2,4.25,8.5,C0119
2025-08-28,Frappe,Cold Coffee,1,5.5,5.5,C0602
2025-08-28,Iced Americano,Cold Coffee,1,3.75,3.75,C0129
2025-08-29,Cold Brew,Cold Coffee,1,4.5,4.5,C0759
2025-08-30,Chocolate Chip Cookie,Bakery,1,2.5,2.5,C0010
2025-08-30,Latte,Hot Coffee,1,4.5,4.5,C0004
2025-08-30,Cinnamon Roll,Bakery,2,4.25,8.5,C0117
2025-08-30,Frappe,Cold Coffee,2,5.5,11.0,C0068
2025-08-31,Croissant,Bakery,2,3.25,6.5,C0267
2025-08-31,Blueberry Muffin,Bakery,2,3.5,7.0,C0204
2025-08-31,Iced Latte,Cold Coffee,1,4.75,4.75,C0129
2025-08-31,Drip Coffee,Hot Coffee,1,2.75,2.75,C0142
2025-08-31,Breakfast Sandwich,Food,1,6.5,6.5,C0082
2025-09-01,Chocolate Chip Cookie,Bakery,1,2.5,2.5,C0074
2025-09-01,Latte,Hot Coffee,3,4.5,13.5,C0053
2025-09-01,Frappe,Cold Coffee,1,5.5,5.5,C0520
2025-09-01,Cappuccino,Hot Coffee,1,4.25,4.25,C0025
2025-09-02,Avocado Toast,Food,1,7.5,7.5,C0098
2025-09-02,Matcha Latte,Tea,1,4.95,4.95,C0112
2025-09-02,Cold Brew,Cold Coffee,1,4.5,4.5,C0093
2025-09-02,Hot Tea,Tea,1,2.95,2.95,C0012
2025-09-02,Cinnamon Roll,Bakery,1,4.25,4.25,C0403
2025-09-03,Chai Latte,Tea,1,4.25,4.25,C0068
2025-09-04,Mocha,Hot Coffee,1,4.95,4.95,C0807
2025-09-04,Cold Brew,Cold Coffee,2,4.5,9.0,C0082
2025-09-04,Cinnamon Roll,Bakery,1,4.25,4.25,C0010
2025-09-04,Bottled Water,Other,1,2.0,2.0,C0007
2025-09-05,Espresso,Hot Coffee,1,2.95,2.95,C0040
2025-09-05,Iced Latte,Cold Coffee,1,4.75,4.75,C0689
2025-09-06,Iced Latte,Cold Coffee,1,4.75,4.75,C0135
2025-09-06,Avocado Toast,Food,2,7.5,15.0,C0103
2025-09-07,Iced Americano,Cold Coffee,2,3.75,7.5,C0060
2025-09-08,Espresso,Hot Coffee,1,2.95,2.95,C0103
2025-09-08,Drip Coffee,Hot Coffee,1,2.75,2.75,C0023
2025-09-08,Mocha,Hot Coffee,1,4.95,4.95,C0007
2025-09-08,Iced Americano,Cold Coffee,1,3.75,3.75,C0027
2025-09-08,Flat White,Hot Coffee,1,4.5,4.5,C0875
2025-09-08,Cold Brew,Cold Coffee,1,4.5,4.5,C0120
2025-09-09,Avocado Toast,Food,2,7.5,15.0,C0013
2025-09-09,Chocolate Chip Cookie,Bakery,2,2.5,5.0,C0030
2025-09-09,Blueberry Muffin,Bakery,1,3.5,3.5,C0033
2025-09-11,Mocha,Hot Coffee,1,4.95,4.95,C0114
2025-09-11,Bagel with Cream Cheese,Bakery,1,3.75,3.75,C0501
2025-09-12,Latte,Hot Coffee,1,4.5,4.5,C0071
2025-09-12,Bottled Water,Other,1,2.0,2.0,C0078
2025-09-12,Iced Latte,Cold Coffee,1,4.75,4.75,C0855
2025-09-12,Flat White,Hot Coffee,1,4.5,4.5,C0011
2025-09-13,Drip Coffee,Hot Coffee,2,2.75,5.5,C0002
2025-09-13,Americano,Hot Coffee,2,3.5,7.0,C0041
2025-09-13,Americano,Hot Coffee,1,3.5,3.5,C0265
2025-09-14,Americano,Hot Coffee,1,3.5,3.5,C0895
2025-09-14,Blueberry Muffin,Bakery,1,3.5,3.5,C0114
2025-09-14,Iced Americano,Cold Coffee,1,3.75,3.75,C0002
2025-09-14,Mocha,Hot Coffee,1,4.95,4.95,C0068
2025-09-14,Hot Chocolate,Other,1,3.75,3.75,C0107
2025-09-15,Latte,Hot Coffee,1,4.5,4.5,C0125
2025-09-16,Bagel with Cream Cheese,Bakery,1,3.75,3.75,C0093
2025-09-16,Cappuccino,Hot Coffee,1,4.25,4.25,C0013
2025-09-16,Cinnamon Roll,Bakery,1,4.25,4.25,C0016
2025-09-17,Croissant,Bakery,1,3.25,3.25,C0128
2025-09-17,Cappuccino,Hot Coffee,1,4.25,4.25,C0805
2025-09-17,Hot Chocolate,Other,1,3.75,3.75,C0535
2025-09-17,Latte,Hot Coffee,1,4.5,4.5,C0142
2025-09-18,Americano,Hot Coffee,1,3.5,3.5,C0494
2025-09-18,Latte,Hot Coffee,1,4.5,4.5,C0777
2025-09-18,Flat White,Hot Coffee,1,4.5,4.5,C0669
2025-09-19,Matcha Latte,Tea,2,4.95,9.9,C0050
2025-09-19,Iced Latte,Cold Coffee,1,4.75,4.75,C0068
2025-09-19,Hot Tea,Tea,1,2.95,2.95,C0103
2025-09-19,Cold Brew,Cold Coffee,1,4.5,4.5,C0088
2025-09-20,Latte,Hot Coffee,1,4.5,4.5,C0099
2025-09-20,Chocolate Chip Cookie,Bakery,1,2.5,2.5,C0142
2025-09-21,Avocado Toast,Food,1,7.5,7.5,C0001
2025-09-21,Grilled Panini,Food,1,7.95,7.95,C0041
2025-09-22,Chai Latte,Tea,1,4.25,4.25,C0099
2025-09-22,Cappuccino,Hot Coffee,1,4.25,4.25,C0058
2025-09-22,Chocolate Chip Cookie,Bakery,1,2.5,2.5,C0089
2025-09-22,Flat White,Hot Coffee,1,4.5,4.5,C0759
2025-09-22,Cold Brew,Cold Coffee,1,4.5,4.5,C0107
2025-09-22,Iced Latte,Cold Coffee,1,4.75,4.75,C0777
2025-09-22,Iced Americano,Cold Coffee,1,3.75,3.75,C0114
2025-09-23,Grilled Panini,Food,1,7.95,7.95,C0727
2025-09-23,Hot Chocolate,Other,1,3.75,3.75,C0282
2025-09-23,Blueberry Muffin,Bakery,1,3.5,3.5,C0069
2025-09-23,Latte,Hot Coffee,1,4.5,4.5,C0107
2025-09-24,Iced Americano,Cold Coffee,1,3.75,3.75,C0583
2025-09-24,Cold Brew,Cold Coffee,1,4.5,4.5,C0905
2025-09-24,Cappuccino,Hot Coffee,1,4.25,4.25,C0252
2025-09-25,Iced Americano,Cold Coffee,1,3.75,3.75,C0201
2025-09-25,Drip Coffee,Hot Coffee,1,2.75,2.75,C0107
2025-09-25,Iced Tea,Tea,1,3.25,3.25,C0638
2025-09-26,Drip Coffee,Hot Coffee,1,2.75,2.75,C0029
2025-09-26,Flat White,Hot Coffee,1,4.5,4.5,C0036
2025-09-26,Cold Brew,Cold Coffee,1,4.5,4.5,C0043
2025-09-27,Cappuccino,Hot Coffee,3,4.25,12.75,C0107
2025-09-27,Latte,Hot Coffee,1,4.5,4.5,C0501
2025-09-27,Latte,Hot Coffee,1,4.5,4.5,C0023
2025-09-27,Iced Latte,Cold Coffee,1,4.75,4.75,C0054
2025-09-27,Drip Coffee,Hot Coffee,1,2.75,2.75,C0859
2025-09-27,Bottled Water,Other,1,2.0,2.0,C0142
2025-09-27,Flat White,Hot Coffee,1,4.5,4.5,C0080
2025-09-28,Mocha,Hot Coffee,2,4.95,9.9,C0782
2025-09-28,Cinnamon Roll,Bakery,1,4.25,4.25,C0041
2025-09-28,Hot Tea,Tea,1,2.95,2.95,C0147
2025-09-29,Avocado Toast,Food,2,7.5,15.0,C0021
2025-09-29,Breakfast Sandwich,Food,1,6.5,6.5,C0092
2025-09-29,Espresso,Hot Coffee,1,2.95,2.95,C0066
2025-09-30,Avocado Toast,Food,1,7.5,7.5,C0142
2025-09-30,Bottled Water,Other,1,2.0,2.0,C0862
2025-10-01,Drip Coffee,Hot Coffee,1,2.75,2.75,C0004
2025-10-01,Hot Chocolate,Other,2,3.75,7.5,C0002
2025-10-01,Avocado Toast,Food,1,7.5,7.5,C0074
2025-10-02,Latte,Hot Coffee,1,4.5,4.5,C0753
2025-10-02,Hot Chocolate,Other,1,3.75,3.75,C0500
2025-10-02,Flat White,Hot Coffee,2,4.5,9.0,C0074
2025-10-02,Frappe,Cold Coffee,1,5.5,5.5,C0092
2025-10-02,Chocolate Chip Cookie,Bakery,1,2.5,2.5,C0130
2025-10-03,Iced Latte,Cold Coffee,2,4.75,9.5,C0961
2025-10-03,Chai Latte,Tea,3,4.25,12.75,C0107
2025-10-03,Hot Chocolate,Other,1,3.75,3.75,C0120
2025-10-04,Drip Coffee,Hot Coffee,1,2.75,2.75,C0347
2025-10-04,Mocha,Hot Coffee,1,4.95,4.95,C0279
2025-10-04,Avocado Toast,Food,1,7.5,7.5,C0143
2025-10-05,Espresso,Hot Coffee,1,2.95,2.95,C0577
2025-10-05,Iced Tea,Tea,1,3.25,3.25,C0068
2025-10-05,Croissant,Bakery,1,3.25,3.25,C0278
2025-10-06,Drip Coffee,Hot Coffee,1,2.75,2.75,C0121
2025-10-06,Avocado Toast,Food,2,7.5,15.0,C0692
2025-10-06,Bagel with Cream Cheese,Bakery,1,3.75,3.75,C0019
2025-10-06,Drip Coffee,Hot Coffee,1,2.75,2.75,C0107
2025-10-06,Grilled Panini,Food,1,7.95,7.95,C0171
2025-10-07,Breakfast Sandwich,Food,1,6.5,6.5,C0150
2025-10-07,Mocha,Hot Coffee,1,4.95,4.95,C0050
2025-10-07,Drip Coffee,Hot Coffee,1,2.75,2.75,C0180
2025-10-08,Chocolate Chip Cookie,Bakery,1,2.5,2.5,C0112
2025-10-08,Croissant,Bakery,1,3.25,3.25,C0041
2025-10-09,Blueberry Muffin,Bakery,1,3.5,3.5,C0370
2025-10-09,Chocolate Chip Cookie,Bakery,1,2.5,2.5,C0025
2025-10-10,Hot Chocolate,Other,1,3.75,3.75,C0025
2025-10-10,Hot Tea,Tea,1,2.95,2.95,C0093
2025-10-10,Breakfast Sandwich,Food,1,6.5,6.5,C0360
2025-10-11,Hot Chocolate,Other,1,3.75,3.75,C0904
2025-10-11,Cappuccino,Hot Coffee,2,4.25,8.5,C0765
2025-10-11,Breakfast Sandwich,Food,1,6.5,6.5,C0923
2025-10-11,Iced Latte,Cold Coffee,1,4.75,4.75,C0990
2025-10-11,Cold Brew,Cold Coffee,1,4.5,4.5,C0143
2025-10-11,Iced Americano,Cold Coffee,1,3.75,3.75,C0093
2025-10-11,Americano,Hot Coffee,1,3.5,3.5,C0592
2025-10-12,Frappe,Cold Coffee,2,5.5,11.0,C0076
2025-10-12,Latte,Hot Coffee,1,4.5,4.5,C0093
2025-10-12,Bagel with Cream Cheese,Bakery,1,3.75,3.75,C0032
2025-10-12,Mocha,Hot Coffee,1,4.95,4.95,C0107
2025-10-12,Chai Latte,Tea,1,4.25,4.25,C0090
2025-10-12,Americano,Hot Coffee,1,3.5,3.5,C0135
2025-10-12,Cappuccino,Hot Coffee,1,4.25,4.25,C0115
2025-10-12,Iced Latte,Cold Coffee,1,4.75,4.75,C0112
2025-10-12,Iced Latte,Cold Coffee,1,4.75,4.75,C0027
2025-10-13,Blueberry Muffin,Bakery,1,3.5,3.5,C0082
2025-10-13,Iced Latte,Cold Coffee,1,4.75,4.75,C0021
2025-10-13,Cappuccino,Hot Coffee,2,4.25,8.5,C0053
2025-10-13,Cinnamon Roll,Bakery,1,4.25,4.25,C0128
2025-10-13,Drip Coffee,Hot Coffee,1,2.75,2.75,C0026
2025-10-13,Iced Latte,Cold Coffee,1,4.75,4.75,C0142
2025-10-13,Bagel with Cream Cheese,Bakery,1,3.75,3.75,C0092
2025-10-14,Iced Latte,Cold Coffee,2,4.75,9.5,C0093
2025-10-14,Cold Brew,Cold Coffee,1,4.5,4.5,C0487
2025-10-15,Bagel with Cream Cheese,Bakery,1,3.75,3.75,C0021
2025-10-15,Chocolate Chip Cookie,Bakery,2,2.5,5.0,C0761
2025-10-15,Espresso,Hot Coffee,1,2.95,2.95,C0089
2025-10-15,Chai Latte,Tea,1,4.25,4.25,C0053
2025-10-15,Iced Americano,Cold Coffee,1,3.75,3.75,C0742
2025-10-15,Hot Tea,Tea,1,2.95,2.95,C0584
2025-10-16,Espresso,Hot Coffee,1,2.95,2.95,C0237
2025-10-16,Matcha Latte,Tea,1,4.95,4.95,C0078
2025-10-16,Drip Coffee,Hot Coffee,1,2.75,2.75,C0946
2025-10-17,Croissant,Bakery,1,3.25,3.25,C0582
2025-10-17,Cappuccino,Hot Coffee,1,4.25,4.25,C0150
2025-10-17,Cinnamon Roll,Bakery,1,4.25,4.25,C0908
2025-10-17,Cappuccino,Hot Coffee,1,4.25,4.25,C0078
2025-10-17,Iced Latte,Cold Coffee,1,4.75,4.75,C0043
2025-10-17,Iced Tea,Tea,1,3.25,3.25,C0107
2025-10-17,Grilled Panini,Food,1,7.95,7.95,C0066
2025-10-17,Latte,Hot Coffee,1,4.5,4.5,C0327
2025-10-18,Croissant,Bakery,1,3.25,3.25,C0068
2025-10-18,Cappuccino,Hot Coffee,3,4.25,12.75,C0117
2025-10-18,Cold Brew,Cold Coffee,1,4.5,4.5,C0050
2025-10-18,Flat White,Hot Coffee,1,4.5,4.5,C0169
2025-10-18,Chocolate Chip Cookie,Bakery,1,2.5,2.5,C0125
2025-10-18,Americano,Hot Coffee,1,3.5,3.5,C0384
2025-10-18,Americano,Hot Coffee,1,3.5,3.5,C0006
2025-10-18,Iced Latte,Cold Coffee,3,4.75,14.25,C0855
2025-10-18,Cinnamon Roll,Bakery,1,4.25,4.25,C0071
2025-10-18,Cappuccino,Hot Coffee,1,4.25,4.25,C0023
2025-10-19,Cappuccino,Hot Coffee,1,4.25,4.25,C0150
2025-10-19,Chocolate Chip Cookie,Bakery,1,2.5,2.5,C0913
2025-10-19,Latte,Hot Coffee,1,4.5,4.5,C0148
2025-10-19,Chocolate Chip Cookie,Bakery,1,2.5,2.5,C0012
2025-10-20,Mocha,Hot Coffee,1,4.95,4.95,C0055
2025-10-20,Blueberry Muffin,Bakery,1,3.5,3.5,C0653
2025-10-22,Latte,Hot Coffee,1,4.5,4.5,C0041
2025-10-22,Espresso,Hot Coffee,1,2.95,2.95,C0176
2025-10-22,Cold Brew,Cold Coffee,1,4.5,4.5,C0114
2025-10-22,Espresso,Hot Coffee,1,2.95,2.95,C0555
2025-10-23,Cappuccino,Hot Coffee,1,4.25,4.25,C0275
2025-10-23,Americano,Hot Coffee,1,3.5,3.5,C0129
2025-10-23,Bagel with Cream Cheese,Bakery,1,3.75,3.75,C0008
2025-10-24,Cold Brew,Cold Coffee,1,4.5,4.5,C0150
2025-10-24,Drip Coffee,Hot Coffee,1,2.75,2.75,C0007
2025-10-24,Cappuccino,Hot Coffee,1,4.25,4.25,C0009
2025-10-24,Chai Latte,Tea,1,4.25,4.25,C0052
2025-10-25,Croissant,Bakery,1,3.25,3.25,C0114
2025-10-25,Mocha,Hot Coffee,1,4.95,4.95,C0142
2025-10-25,Drip Coffee,Hot Coffee,1,2.75,2.75,C0183
2025-10-25,Americano,Hot Coffee,1,3.5,3.5,C0041
2025-10-25,Grilled Panini,Food,1,7.95,7.95,C0067
2025-10-25,Bottled Water,Other,1,2.0,2.0,C0073
2025-10-25,Blueberry Muffin,Bakery,2,3.5,7.0,C0011
2025-10-26,Bottled Water,Other,2,2.0,4.0,C0520
2025-10-26,Espresso,Hot Coffee,1,2.95,2.95,C0107
2025-10-26,Flat White,Hot Coffee,2,4.5,9.0,C0074
2025-10-26,Matcha Latte,Tea,1,4.95,4.95,C0962
2025-10-26,Grilled Panini,Food,1,7.95,7.95,C0025
2025-10-26,Iced Tea,Tea,1,3.25,3.25,C0088
2025-10-26,Bottled Water,Other,1,2.0,2.0,C0649
2025-10-26,Cappuccino,Hot Coffee,1,4.25,4.25,C0730
2025-10-26,Matcha Latte,Tea,2,4.95,9.9,C0952
2025-10-27,Frappe,Cold Coffee,1,5.5,5.5,C0041
2025-10-27,Espresso,Hot Coffee,1,2.95,2.95,C0043
2025-10-27,Croissant,Bakery,1,3.25,3.25,C0041
2025-10-27,Iced Latte,Cold Coffee,1,4.75,4.75,C0132
2025-10-27,Cappuccino,Hot Coffee,1,4.25,4.25,C0030
2025-10-27,Cappuccino,Hot Coffee,1,4.25,4.25,C0012
2025-10-27,Drip Coffee,Hot Coffee,1,2.75,2.75,C0068
2025-10-28,Breakfast Sandwich,Food,2,6.5,13.0,C0746
2025-10-28,Iced Latte,Cold Coffee,1,4.75,4.75,C0142
2025-10-28,Espresso,Hot Coffee,2,2.95,5.9,C0129
2025-10-29,Iced Tea,Tea,1,3.25,3.25,C0016
2025-10-29,Flat White,Hot Coffee,1,4.5,4.5,C0839
2025-10-29,Americano,Hot Coffee,1,3.5,3.5,C0025
2025-10-30,Drip Coffee,Hot Coffee,3,2.75,8.25,C0553
2025-10-30,Matcha Latte,Tea,1,4.95,4.95,C0890
2025-10-30,Bagel with Cream Cheese,Bakery,2,3.75,7.5,C0382
2025-10-30,Latte,Hot Coffee,2,4.5,9.0,C0729
2025-10-30,Chocolate Chip Cookie,Bakery,1,2.5,2.5,C0110
2025-10-30,Latte,Hot Coffee,2,4.5,9.0,C0026
2025-10-30,Cold Brew,Cold Coffee,1,4.5,4.5,C0002
2025-10-31,Cappuccino,Hot Coffee,1,4.25,4.25,C0117
2025-10-31,Grilled Panini,Food,1,7.95,7.95,C0847
2025-10-31,Grilled Panini,Food,1,7.95,7.95,C0013
2025-10-31,Iced Tea,Tea,1,3.25,3.25,C0622
2025-10-31,Bagel with Cream Cheese,Bakery,2,3.75,7.5,C0010
2025-11-01,Blueberry Muffin,Bakery,1,3.5,3.5,C0911
2025-11-01,Frappe,Cold Coffee,1,5.5,5.5,C0114
2025-11-01,Avocado Toast,Food,1,7.5,7.5,C0487
2025-11-01,Espresso,Hot Coffee,1,2.95,2.95,C0558
2025-11-01,Drip Coffee,Hot Coffee,1,2.75,2.75,C0125
2025-11-01,Croissant,Bakery,1,3.25,3.25,C0207
2025-11-02,Americano,Hot Coffee,1,3.5,3.5,C0103
2025-11-02,Cappuccino,Hot Coffee,2,4.25,8.5,C0050
2025-11-02,Mocha,Hot Coffee,1,4.95,4.95,C0859
2025-11-02,Matcha Latte,Tea,1,4.95,4.95,C0088
2025-11-03,Chai Latte,Tea,1,4.25,4.25,C0118
2025-11-03,Flat White,Hot Coffee,2,4.5,9.0,C0068
2025-11-04,Iced Latte,Cold Coffee,2,4.75,9.5,C0030
2025-11-04,Cold Brew,Cold Coffee,1,4.5,4.5,C0088
2025-11-04,Latte,Hot Coffee,1,4.5,4.5,C0559
2025-11-04,Bagel with Cream Cheese,Bakery,3,3.75,11.25,C0093
2025-11-05,Frappe,Cold Coffee,1,5.5,5.5,C0760
2025-11-05,Croissant,Bakery,1,3.25,3.25,C0175
2025-11-05,Iced Latte,Cold Coffee,1,4.75,4.75,C0826
2025-11-05,Blueberry Muffin,Bakery,2,3.5,7.0,C0125
2025-11-06,Latte,Hot Coffee,1,4.5,4.5,C0093
2025-11-06,Latte,Hot Coffee,3,4.5,13.5,C0043
2025-11-06,Blueberry Muffin,Bakery,1,3.5,3.5,C0089
2025-11-06,Grilled Panini,Food,3,7.95,23.85,C0114
2025-11-06,Americano,Hot Coffee,1,3.5,3.5,C0022
2025-11-06,Hot Tea,Tea,3,2.95,8.85,C0088
2025-11-06,Frappe,Cold Coffee,1,5.5,5.5,C0952
2025-11-07,Matcha Latte,Tea,1,4.95,4.95,C0022
2025-11-07,Drip Coffee,Hot Coffee,1,2.75,2.75,C0494
2025-11-07,Frappe,Cold Coffee,1,5.5,5.5,C0837
2025-11-08,Mocha,Hot Coffee,1,4.95,4.95,C0012
2025-11-08,Drip Coffee,Hot Coffee,1,2.75,2.75,C0112
2025-11-08,Americano,Hot Coffee,1,3.5,3.5,C0093
2025-11-08,Hot Chocolate,Other,1,3.75,3.75,C0811
2025-11-08,Drip Coffee,Hot Coffee,1,2.75,2.75,C0036
2025-11-08,Cinnamon Roll,Bakery,2,4.25,8.5,C0032
2025-11-09,Espresso,Hot Coffee,1,2.95,2.95,C0237
2025-11-09,Chai Latte,Tea,1,4.25,4.25,C0052
2025-11-09,Chai Latte,Tea,2,4.25,8.5,C0859
2025-11-10,Iced Latte,Cold Coffee,1,4.75,4.75,C0078
2025-11-10,Mocha,Hot Coffee,1,4.95,4.95,C0232
2025-11-11,Cappuccino,Hot Coffee,1,4.25,4.25,C0088
2025-11-11,Grilled Panini,Food,1,7.95,7.95,C0162
2025-11-11,Flat White,Hot Coffee,2,4.5,9.0,C0129
2025-11-12,Chocolate Chip Cookie,Bakery,1,2.5,2.5,C0088
2025-11-12,Chocolate Chip Cookie,Bakery,1,2.5,2.5,C0117
2025-11-12,Americano,Hot Coffee,1,3.5,3.5,C0009
2025-11-13,Americano,Hot Coffee,1,3.5,3.5,C0071
2025-11-13,Espresso,Hot Coffee,1,2.95,2.95,C0129
2025-11-14,Cappuccino,Hot Coffee,2,4.25,8.5,C0107
2025-11-14,Chocolate Chip Cookie,Bakery,1,2.5,2.5,C0109
2025-11-14,Latte,Hot Coffee,3,4.5,13.5,C0120
2025-11-15,Frappe,Cold Coffee,1,5.5,5.5,C0936
2025-11-15,Iced Latte,Cold Coffee,1,4.75,4.75,C0148
2025-11-15,Mocha,Hot Coffee,1,4.95,4.95,C0143
2025-11-15,Cappuccino,Hot Coffee,1,4.25,4.25,C0041
2025-11-15,Cinnamon Roll,Bakery,1,4.25,4.25,C0046
2025-11-15,Americano,Hot Coffee,2,3.5,7.0,C0078
2025-11-16,Drip Coffee,Hot Coffee,1,2.75,2.75,C0114
2025-11-16,Avocado Toast,Food,1,7.5,7.5,C0082
2025-11-16,Matcha Latte,Tea,1,4.95,4.95,C0051
2025-11-16,Frappe,Cold Coffee,2,5.5,11.0,C0312
2025-11-17,Matcha Latte,Tea,1,4.95,4.95,C0018
2025-11-17,Flat White,Hot Coffee,2,4.5,9.0,C0143
2025-11-17,Iced Latte,Cold Coffee,1,4.75,4.75,C0591
2025-11-17,Chocolate Chip Cookie,Bakery,1,2.5,2.5,C0793
2025-11-18,Cappuccino,Hot Coffee,1,4.25,4.25,C0953
2025-11-18,Iced Latte,Cold Coffee,1,4.75,4.75,C0004
2025-11-19,Mocha,Hot Coffee,1,4.95,4.95,C0923
2025-11-19,Iced Latte,Cold Coffee,1,4.75,4.75,C0090
2025-11-19,Espresso,Hot Coffee,1,2.95,2.95,C0135
2025-11-19,Flat White,Hot Coffee,1,4.5,4.5,C0899
2025-11-20,Bagel with Cream Cheese,Bakery,1,3.75,3.75,C0473
2025-11-20,Frappe,Cold Coffee,2,5.5,11.0,C0068
2025-11-20,Iced Latte,Cold Coffee,1,4.75,4.75,C0393
2025-11-21,Latte,Hot Coffee,1,4.5,4.5,C0161
2025-11-22,Breakfast Sandwich,Food,3,6.5,19.5,C0109
2025-11-22,Grilled Panini,Food,1,7.95,7.95,C0129
2025-11-22,Hot Tea,Tea,1,2.95,2.95,C0715
2025-11-22,Americano,Hot Coffee,1,3.5,3.5,C0016
2025-11-22,Cappuccino,Hot Coffee,2,4.25,8.5,C0797
2025-11-23,Flat White,Hot Coffee,1,4.5,4.5,C0847
2025-11-24,Iced Latte,Cold Coffee,1,4.75,4.75,C0037
2025-11-24,Drip Coffee,Hot Coffee,1,2.75,2.75,C0148
2025-11-24,Latte,Hot Coffee,1,4.5,4.5,C0023
2025-11-24,Drip Coffee,Hot Coffee,1,2.75,2.75,C0243
2025-11-24,Iced Latte,Cold Coffee,1,4.75,4.75,C0537
2025-11-25,Grilled Panini,Food,1,7.95,7.95,C0823
2025-11-25,Latte,Hot Coffee,1,4.5,4.5,C0143
2025-11-25,Bagel with Cream Cheese,Bakery,1,3.75,3.75,C0906
2025-11-26,Mocha,Hot Coffee,1,4.95,4.95,C0862
2025-11-26,Breakfast Sandwich,Food,1,6.5,6.5,C0280
2025-11-26,Chai Latte,Tea,1,4.25,4.25,C0001
2025-11-26,Cold Brew,Cold Coffee,1,4.5,4.5,C0093
2025-11-26,Blueberry Muffin,Bakery,1,3.5,3.5,C0050
2025-11-26,Iced Latte,Cold Coffee,1,4.75,4.75,C0071
2025-11-26,Americano,Hot Coffee,1,3.5,3.5,C0084
2025-11-26,Croissant,Bakery,1,3.25,3.25,C0030
2025-11-26,Bottled Water,Other,1,2.0,2.0,C0016
2025-11-26,Latte,Hot Coffee,1,4.5,4.5,C0107
2025-11-26,Cold Brew,Cold Coffee,1,4.5,4.5,C0082
2025-11-26,Flat White,Hot Coffee,1,4.5,4.5,C0773
2025-11-27,Mocha,Hot Coffee,1,4.95,4.95,C0836
2025-11-27,Frappe,Cold Coffee,1,5.5,5.5,C0041
2025-11-27,Cappuccino,Hot Coffee,1,4.25,4.25,C0633
2025-11-27,Drip Coffee,Hot Coffee,1,2.75,2.75,C0011
2025-11-27,Mocha,Hot Coffee,1,4.95,4.95,C0114
2025-11-27,Bottled Water,Other,1,2.0,2.0,C0090
2025-11-27,Flat White,Hot Coffee,1,4.5,4.5,C0068
2025-11-27,Iced Tea,Tea,1,3.25,3.25,C0638
2025-11-27,Croissant,Bakery,1,3.25,3.25,C0782
2025-11-27,Avocado Toast,Food,1,7.5,7.5,C0007
2025-11-28,Bagel with Cream Cheese,Bakery,1,3.75,3.75,C0119
2025-11-28,Latte,Hot Coffee,1,4.5,4.5,C0143
2025-11-28,Iced Latte,Cold Coffee,1,4.75,4.75,C0071
2025-11-28,Croissant,Bakery,1,3.25,3.25,C0533
2025-11-28,Latte,Hot Coffee,2,4.5,9.0,C0107
2025-11-29,Iced Americano,Cold Coffee,1,3.75,3.75,C0027
2025-11-29,Cappuccino,Hot Coffee,1,4.25,4.25,C0719
2025-11-29,Chocolate Chip Cookie,Bakery,3,2.5,7.5,C0030
2025-11-29,Avocado Toast,Food,2,7.5,15.0,C0144
2025-11-29,Chocolate Chip Cookie,Bakery,1,2.5,2.5,C0018
2025-11-30,Mocha,Hot Coffee,1,4.95,4.95,C0087
2025-11-30,Latte,Hot Coffee,1,4.5,4.5,C0135
2025-11-30,Latte,Hot Coffee,1,4.5,4.5,C0114
2025-11-30,Blueberry Muffin,Bakery,2,3.5,7.0,C0039
2025-11-30,Iced Latte,Cold Coffee,1,4.75,4.75,C0121
2025-12-01,Latte,Hot Coffee,1,4.5,4.5,C0119
2025-12-01,Americano,Hot Coffee,1,3.5,3.5,C0090
2025-12-01,Espresso,Hot Coffee,1,2.95,2.95,C0143
2025-12-01,Frappe,Cold Coffee,1,5.5,5.5,C0923
2025-12-01,Latte,Hot Coffee,1,4.5,4.5,C0122
2025-12-02,Iced Americano,Cold Coffee,2,3.75,7.5,C0107
2025-12-02,Blueberry Muffin,Bakery,2,3.5,7.0,C0030
2025-12-02,Hot Chocolate,Other,1,3.75,3.75,C0125
2025-12-02,Chocolate Chip Cookie,Bakery,1,2.5,2.5,C0539
2025-12-03,Avocado Toast,Food,1,7.5,7.5,C0147
2025-12-03,Iced Tea,Tea,1,3.25,3.25,C0107
2025-12-04,Bottled Water,Other,1,2.0,2.0,C0138
2025-12-04,Hot Tea,Tea,1,2.95,2.95,C0674
2025-12-04,Cappuccino,Hot Coffee,1,4.25,4.25,C0001
2025-12-04,Drip Coffee,Hot Coffee,1,2.75,2.75,C0125
2025-12-04,Bagel with Cream Cheese,Bakery,1,3.75,3.75,C0004
2025-12-04,Cinnamon Roll,Bakery,1,4.25,4.25,C0046
2025-12-04,Grilled Panini,Food,1,7.95,7.95,C0413
2025-12-04,Americano,Hot Coffee,2,3.5,7.0,C0905
2025-12-04,Bagel with Cream Cheese,Bakery,1,3.75,3.75,C0115
2025-12-04,Drip Coffee,Hot Coffee,1,2.75,2.75,C0071
2025-12-05,Mocha,Hot Coffee,1,4.95,4.95,C0841
2025-12-05,Iced Tea,Tea,1,3.25,3.25,C0013
2025-12-05,Cinnamon Roll,Bakery,1,4.25,4.25,C0016
2025-12-05,Drip Coffee,Hot Coffee,3,2.75,8.25,C0420
2025-12-06,Hot Tea,Tea,1,2.95,2.95,C0093
2025-12-06,Bottled Water,Other,1,2.0,2.0,C0142
2025-12-06,Avocado Toast,Food,1,7.5,7.5,C0107
2025-12-06,Hot Tea,Tea,1,2.95,2.95,C0082
2025-12-06,Iced Americano,Cold Coffee,1,3.75,3.75,C0107
2025-12-06,Breakfast Sandwich,Food,1,6.5,6.5,C0109
2025-12-06,Hot Tea,Tea,1,2.95,2.95,C0073
2025-12-06,Bagel with Cream Cheese,Bakery,1,3.75,3.75,C0448
2025-12-07,Latte,Hot Coffee,2,4.5,9.0,C0115
2025-12-07,Drip Coffee,Hot Coffee,1,2.75,2.75,C0511
2025-12-08,Grilled Panini,Food,1,7.95,7.95,C0812
2025-12-08,Drip Coffee,Hot Coffee,2,2.75,5.5,C0087
2025-12-08,Chocolate Chip Cookie,Bakery,1,2.5,2.5,C0692
2025-12-08,Croissant,Bakery,1,3.25,3.25,C0129
2025-12-08,Latte,Hot Coffee,1,4.5,4.5,C0112
2025-12-09,Chocolate Chip Cookie,Bakery,1,2.5,2.5,C0027
2025-12-10,Cappuccino,Hot Coffee,2,4.25,8.5,C0050
2025-12-10,Iced Tea,Tea,2,3.25,6.5,C0119
2025-12-12,Cappuccino,Hot Coffee,2,4.25,8.5,C0804
2025-12-12,Cold Brew,Cold Coffee,1,4.5,4.5,C0027
2025-12-12,Iced Latte,Cold Coffee,1,4.75,4.75,C0114
2025-12-12,Bottled Water,Other,2,2.0,4.0,C0016
2025-12-12,Mocha,Hot Coffee,2,4.95,9.9,C0129
2025-12-12,Frappe,Cold Coffee,1,5.5,5.5,C0074
2025-12-13,Drip Coffee,Hot Coffee,1,2.75,2.75,C0044
2025-12-13,Matcha Latte,Tea,1,4.95,4.95,C0267
2025-12-13,Blueberry Muffin,Bakery,1,3.5,3.5,C0036
2025-12-13,Cappuccino,Hot Coffee,2,4.25,8.5,C0815
2025-12-14,Latte,Hot Coffee,1,4.5,4.5,C0286
2025-12-14,Drip Coffee,Hot Coffee,1,2.75,2.75,C0115
2025-12-14,Americano,Hot Coffee,1,3.5,3.5,C0282
2025-12-14,Hot Chocolate,Other,1,3.75,3.75,C0142
2025-12-14,Americano,Hot Coffee,1,3.5,3.5,C0129
2025-12-14,Iced Latte,Cold Coffee,1,4.75,4.75,C0142
2025-12-15,Americano,Hot Coffee,1,3.5,3.5,C0050
2025-12-15,Cinnamon Roll,Bakery,1,4.25,4.25,C0088
2025-12-15,Americano,Hot Coffee,1,3.5,3.5,C0074
2025-12-15,Cappuccino,Hot Coffee,2,4.25,8.5,C0725
2025-12-15,Cinnamon Roll,Bakery,1,4.25,4.25,C0093
2025-12-16,Drip Coffee,Hot Coffee,2,2.75,5.5,C0123
2025-12-16,Cold Brew,Cold Coffee,1,4.5,4.5,C0027
2025-12-16,Bottled Water,Other,1,2.0,2.0,C0132
2025-12-16,Mocha,Hot Coffee,1,4.95,4.95,C0052
2025-12-17,Espresso,Hot Coffee,1,2.95,2.95,C0092
2025-12-17,Latte,Hot Coffee,1,4.5,4.5,C0103
2025-12-18,Hot Tea,Tea,1,2.95,2.95,C0142
2025-12-18,Blueberry Muffin,Bakery,1,3.5,3.5,C0067
2025-12-18,Drip Coffee,Hot Coffee,1,2.75,2.75,C0010
2025-12-18,Hot Tea,Tea,1,2.95,2.95,C0970
2025-12-18,Cinnamon Roll,Bakery,1,4.25,4.25,C0088
2025-12-18,Drip Coffee,Hot Coffee,1,2.75,2.75,C0090
2025-12-18,Flat White,Hot Coffee,1,4.5,4.5,C0114
2025-12-19,Matcha Latte,Tea,1,4.95,4.95,C0148
2025-12-19,Drip Coffee,Hot Coffee,1,2.75,2.75,C0032
2025-12-19,Latte,Hot Coffee,1,4.5,4.5,C0235
2025-12-19,Matcha Latte,Tea,1,4.95,4.95,C0826
2025-12-19,Frappe,Cold Coffee,1,5.5,5.5,C0129
2025-12-20,Drip Coffee,Hot Coffee,1,2.75,2.75,C0002
2025-12-20,Matcha Latte,Tea,1,4.95,4.95,C0059
2025-12-20,Cold Brew,Cold Coffee,1,4.5,4.5,C0114
2025-12-20,Breakfast Sandwich,Food,3,6.5,19.5,C0016
2025-12-20,Cinnamon Roll,Bakery,1,4.25,4.25,C0052
2025-12-20,Mocha,Hot Coffee,1,4.95,4.95,C0098
2025-12-20,Iced Latte,Cold Coffee,1,4.75,4.75,C0082
2025-12-21,Flat White,Hot Coffee,1,4.5,4.5,C0862
2025-12-21,Hot Tea,Tea,1,2.95,2.95,C0947
2025-12-21,Americano,Hot Coffee,1,3.5,3.5,C0021
2025-12-22,Iced Latte,Cold Coffee,1,4.75,4.75,C0985
2025-12-22,Frappe,Cold Coffee,1,5.5,5.5,C0789
2025-12-22,Mocha,Hot Coffee,2,4.95,9.9,C0012
2025-12-22,Cappuccino,Hot Coffee,1,4.25,4.25,C0142
2025-12-22,Cappuccino,Hot Coffee,1,4.25,4.25,C0093
2025-12-23,Latte,Hot Coffee,1,4.5,4.5,C0239
2025-12-23,Hot Chocolate,Other,1,3.75,3.75,C0023
2025-12-24,Blueberry Muffin,Bakery,1,3.5,3.5,C0129
2025-12-24,Croissant,Bakery,1,3.25,3.25,C0372
2025-12-24,Latte,Hot Coffee,1,4.5,4.5,C0632
2025-12-25,Cappuccino,Hot Coffee,2,4.25,8.5,C0006
2025-12-26,Iced Latte,Cold Coffee,1,4.75,4.75,C0026
2025-12-26,Americano,Hot Coffee,1,3.5,3.5,C0072
2025-12-26,Drip Coffee,Hot Coffee,1,2.75,2.75,C0028
2025-12-26,Drip Coffee,Hot Coffee,1,2.75,2.75,C0017
2025-12-26,Chocolate Chip Cookie,Bakery,1,2.5,2.5,C0058
2025-12-26,Iced Latte,Cold Coffee,1,4.75,4.75,C0114
2025-12-27,Latte,Hot Coffee,1,4.5,4.5,C0797
2025-12-27,Drip Coffee,Hot Coffee,1,2.75,2.75,C0107
2025-12-27,Drip Coffee,Hot Coffee,1,2.75,2.75,C0299
2025-12-27,Croissant,Bakery,1,3.25,3.25,C0237
2025-12-27,Latte,Hot Coffee,1,4.5,4.5,C0449
2025-12-27,Croissant,Bakery,1,3.25,3.25,C0008
2025-12-27,Americano,Hot Coffee,1,3.5,3.5,C0112
2025-12-27,Drip Coffee,Hot Coffee,3,2.75,8.25,C0010
2025-12-27,Chocolate Chip Cookie,Bakery,1,2.5,2.5,C0105
2025-12-28,Cappuccino,Hot Coffee,1,4.25,4.25,C0398
2025-12-28,Cold Brew,Cold Coffee,1,4.5,4.5,C0135
2025-12-28,Americano,Hot Coffee,1,3.5,3.5,C0001
2025-12-29,Cinnamon Roll,Bakery,1,4.25,4.25,C0088
2025-12-29,Frappe,Cold Coffee,1,5.5,5.5,C0380
2025-12-29,Mocha,Hot Coffee,2,4.95,9.9,C0114
2025-12-29,Croissant,Bakery,1,3.25,3.25,C0219
2025-12-30,Latte,Hot Coffee,1,4.5,4.5,C0012
2025-12-30,Hot Tea,Tea,1,2.95,2.95,C0916
2025-12-30,Cappuccino,Hot Coffee,2,4.25,8.5,C0015
2025-12-30,Chai Latte,Tea,1,4.25,4.25,C0118
2025-12-30,Mocha,Hot Coffee,1,4.95,4.95,C0430
2025-12-30,Latte,Hot Coffee,1,4.5,4.5,C0089
2025-12-30,Latte,Hot Coffee,1,4.5,4.5,C0961
2025-12-30,Cappuccino,Hot Coffee,1,4.25,4.25,C0082
2025-12-31,Chai Latte,Tea,2,4.25,8.5,C0045
2025-12-31,Latte,Hot Coffee,2,4.5,9.0,C0129
2025-12-31,Bottled Water,Other,1,2.0,2.0,C0142
2025-12-31,Cappuccino,Hot Coffee,1,4.25,4.25,C0069
2025-12-31,Croissant,Bakery,1,3.25,3.25,C0494
2026-01-01,Chai Latte,Tea,1,4.25,4.25,C0088
2026-01-01,Flat White,Hot Coffee,1,4.5,4.5,C0032
2026-01-01,Chai Latte,Tea,1,4.25,4.25,C0058
2026-01-01,Latte,Hot Coffee,1,4.5,4.5,C0023
2026-01-02,Chocolate Chip Cookie,Bakery,1,2.5,2.5,C0068
2026-01-02,Avocado Toast,Food,2,7.5,15.0,C0862
2026-01-02,Hot Chocolate,Other,1,3.75,3.75,C0620
2026-01-02,Chocolate Chip Cookie,Bakery,1,2.5,2.5,C0123
2026-01-02,Breakfast Sandwich,Food,1,6.5,6.5,C0901
2026-01-03,Matcha Latte,Tea,1,4.95,4.95,C0653
2026-01-03,Croissant,Bakery,2,3.25,6.5,C0213
2026-01-03,Avocado Toast,Food,1,7.5,7.5,C0884
2026-01-04,Frappe,Cold Coffee,1,5.5,5.5,C0245
2026-01-04,Espresso,Hot Coffee,1,2.95,2.95,C0031
2026-01-04,Iced Americano,Cold Coffee,1,3.75,3.75,C0012
2026-01-04,Drip Coffee,Hot Coffee,1,2.75,2.75,C0142
2026-01-05,Chai Latte,Tea,1,4.25,4.25,C0380
2026-01-06,Chocolate Chip Cookie,Bakery,1,2.5,2.5,C0428
2026-01-06,Chai Latte,Tea,1,4.25,4.25,C0940
2026-01-07,Latte,Hot Coffee,2,4.5,9.0,C0114
2026-01-07,Chai Latte,Tea,2,4.25,8.5,C0033
2026-01-08,Bagel with Cream Cheese,Bakery,1,3.75,3.75,C0086
2026-01-08,Chai Latte,Tea,1,4.25,4.25,C0142
2026-01-08,Latte,Hot Coffee,1,4.5,4.5,C0012
2026-01-08,Latte,Hot Coffee,2,4.5,9.0,C0098
2026-01-08,Cappuccino,Hot Coffee,1,4.25,4.25,C0012
2026-01-08,Espresso,Hot Coffee,1,2.95,2.95,C0087
2026-01-09,Avocado Toast,Food,1,7.5,7.5,C0831
2026-01-09,Croissant,Bakery,1,3.25,3.25,C0135
2026-01-09,Latte,Hot Coffee,1,4.5,4.5,C0004
2026-01-09,Iced Latte,Cold Coffee,1,4.75,4.75,C0107
2026-01-09,Croissant,Bakery,1,3.25,3.25,C0026
2026-01-10,Croissant,Bakery,1,3.25,3.25,C0021
2026-01-10,Blueberry Muffin,Bakery,1,3.5,3.5,C0050
2026-01-10,Cappuccino,Hot Coffee,2,4.25,8.5,C0068
2026-01-10,Mocha,Hot Coffee,1,4.95,4.95,C0068
2026-01-11,Cappuccino,Hot Coffee,1,4.25,4.25,C0092
2026-01-11,Bottled Water,Other,1,2.0,2.0,C0480
2026-01-11,Americano,Hot Coffee,1,3.5,3.5,C0087
2026-01-12,Matcha Latte,Tea,2,4.95,9.9,C0052
2026-01-12,Mocha,Hot Coffee,1,4.95,4.95,C0114
2026-01-12,Mocha,Hot Coffee,1,4.95,4.95,C0041
2026-01-13,Blueberry Muffin,Bakery,1,3.5,3.5,C0001
2026-01-14,Mocha,Hot Coffee,1,4.95,4.95,C0097
2026-01-15,Bottled Water,Other,2,2.0,4.0,C0129
2026-01-15,Espresso,Hot Coffee,1,2.95,2.95,C0058
2026-01-15,Espresso,Hot Coffee,2,2.95,5.9,C0025
2026-01-16,Latte,Hot Coffee,1,4.5,4.5,C0821
2026-01-16,Drip Coffee,Hot Coffee,1,2.75,2.75,C0023
2026-01-16,Mocha,Hot Coffee,1,4.95,4.95,C0020
2026-01-17,Flat White,Hot Coffee,1,4.5,4.5,C0098
2026-01-17,Latte,Hot Coffee,1,4.5,4.5,C0074
2026-01-17,Americano,Hot Coffee,1,3.5,3.5,C0144
2026-01-17,Croissant,Bakery,1,3.25,3.25,C0916
2026-01-17,Croissant,Bakery,1,3.25,3.25,C0107
2026-01-17,Drip Coffee,Hot Coffee,1,2.75,2.75,C0069
2026-01-18,Iced Americano,Cold Coffee,1,3.75,3.75,C0030
2026-01-18,Espresso,Hot Coffee,2,2.95,5.9,C0107
2026-01-19,Cold Brew,Cold Coffee,1,4.5,4.5,C0082
2026-01-19,Cinnamon Roll,Bakery,1,4.25,4.25,C0515
2026-01-20,Drip Coffee,Hot Coffee,2,2.75,5.5,C0133
2026-01-20,Drip Coffee,Hot Coffee,1,2.75,2.75,C0114
2026-01-20,Breakfast Sandwich,Food,1,6.5,6.5,C0119
2026-01-20,Croissant,Bakery,1,3.25,3.25,C0135
2026-01-21,Hot Chocolate,Other,1,3.75,3.75,C0673
2026-01-21,Drip Coffee,Hot Coffee,1,2.75,2.75,C0032
2026-01-21,Espresso,Hot Coffee,2,2.95,5.9,C0025
2026-01-22,Flat White,Hot Coffee,1,4.5,4.5,C0135
2026-01-22,Bagel with Cream Cheese,Bakery,2,3.75,7.5,C0923
2026-01-23,Iced Latte,Cold Coffee,1,4.75,4.75,C0002
2026-01-23,Drip Coffee,Hot Coffee,1,2.75,2.75,C0182
2026-01-24,Croissant,Bakery,1,3.25,3.25,C0698
2026-01-24,Drip Coffee,Hot Coffee,1,2.75,2.75,C0067
2026-01-24,Flat White,Hot Coffee,1,4.5,4.5,C0929
2026-01-24,Iced Tea,Tea,1,3.25,3.25,C0576
2026-01-25,Americano,Hot Coffee,1,3.5,3.5,C0109
2026-01-25,Hot Chocolate,Other,2,3.75,7.5,C0320
2026-01-25,Breakfast Sandwich,Food,1,6.5,6.5,C0511
2026-01-25,Iced Latte,Cold Coffee,2,4.75,9.5,C0004
2026-01-25,Croissant,Bakery,1,3.25,3.25,C0012
2026-01-26,Latte,Hot Coffee,2,4.5,9.0,C0052
2026-01-26,Drip Coffee,Hot Coffee,1,2.75,2.75,C0012
2026-01-26,Espresso,Hot Coffee,1,2.95,2.95,C0068
2026-01-26,Avocado Toast,Food,3,7.5,22.5,C0074
2026-01-26,Cappuccino,Hot Coffee,1,4.25,4.25,C0024
2026-01-26,Iced Americano,Cold Coffee,1,3.75,3.75,C0129
2026-01-27,Chocolate Chip Cookie,Bakery,2,2.5,5.0,C0135
2026-01-27,Bagel with Cream Cheese,Bakery,2,3.75,7.5,C0989
2026-01-27,Breakfast Sandwich,Food,2,6.5,13.0,C0007
2026-01-28,Flat White,Hot Coffee,1,4.5,4.5,C0125
2026-01-28,Chocolate Chip Cookie,Bakery,1,2.5,2.5,C0144
2026-01-28,Latte,Hot Coffee,1,4.5,4.5,C0071
2026-01-28,Chai Latte,Tea,1,4.25,4.25,C0041
2026-01-28,Espresso,Hot Coffee,1,2.95,2.95,C0068
2026-01-29,Croissant,Bakery,1,3.25,3.25,C0096
2026-01-29,Drip Coffee,Hot Coffee,1,2.75,2.75,C0073
2026-01-29,Americano,Hot Coffee,1,3.5,3.5,C0020
2026-01-30,Cold Brew,Cold Coffee,1,4.5,4.5,C0114
2026-01-30,Chocolate Chip Cookie,Bakery,1,2.5,2.5,C0142
2026-01-30,Cappuccino,Hot Coffee,1,4.25,4.25,C0089
2026-01-31,Chai Latte,Tea,2,4.25,8.5,C0093
2026-01-31,Flat White,Hot Coffee,1,4.5,4.5,C0472
2026-01-31,Espresso,Hot Coffee,2,2.95,5.9,C0078
2026-01-31,Iced Americano,Cold Coffee,2,3.75,7.5,C0960
2026-01-31,Hot Chocolate,Other,1,3.75,3.75,C0074
2026-01-31,Americano,Hot Coffee,2,3.5,7.0,C0105
2026-01-31,Cold Brew,Cold Coffee,2,4.5,9.0,C0098
2026-01-31,Iced Latte,Cold Coffee,1,4.75,4.75,C0090
2026-01-31,Croissant,Bakery,1,3.25,3.25,C0579
2026-01-31,Croissant,Bakery,1,3.25,3.25,C0026
2026-01-31,Croissant,Bakery,1,3.25,3.25,C0119
2026-01-31,Latte,Hot Coffee,1,4.5,4.5,C0130
2026-02-01,Croissant,Bakery,1,3.25,3.25,C0091
2026-02-01,Drip Coffee,Hot Coffee,1,2.75,2.75,C0025
2026-02-01,Croissant,Bakery,2,3.25,6.5,C0105
2026-02-01,Mocha,Hot Coffee,1,4.95,4.95,C0133
2026-02-01,Chai Latte,Tea,1,4.25,4.25,C0068
2026-02-02,Cappuccino,Hot Coffee,1,4.25,4.25,C0017
2026-02-02,Flat White,Hot Coffee,3,4.5,13.5,C0071
2026-02-02,Espresso,Hot Coffee,1,2.95,2.95,C0071
2026-02-03,Breakfast Sandwich,Food,1,6.5,6.5,C0093
2026-02-04,Cappuccino,Hot Coffee,1,4.25,4.25,C0632
2026-02-04,Mocha,Hot Coffee,1,4.95,4.95,C0145
2026-02-04,Americano,Hot Coffee,1,3.5,3.5,C0122
2026-02-05,Latte,Hot Coffee,3,4.5,13.5,C0144
2026-02-05,Latte,Hot Coffee,1,4.5,4.5,C0004
2026-02-05,Americano,Hot Coffee,1,3.5,3.5,C0027
2026-02-05,Latte,Hot Coffee,1,4.5,4.5,C0742
2026-02-06,Mocha,Hot Coffee,1,4.95,4.95,C0286
2026-02-06,Drip Coffee,Hot Coffee,1,2.75,2.75,C0962
2026-02-06,Mocha,Hot Coffee,1,4.95,4.95,C0306
2026-02-06,Drip Coffee,Hot Coffee,1,2.75,2.75,C0959
2026-02-07,Americano,Hot Coffee,1,3.5,3.5,C0025
2026-02-07,Cold Brew,Cold Coffee,1,4.5,4.5,C0118
2026-02-07,Cappuccino,Hot Coffee,2,4.25,8.5,C0050
2026-02-07,Iced Latte,Cold Coffee,1,4.75,4.75,C0066
2026-02-08,Espresso,Hot Coffee,1,2.95,2.95,C0286
2026-02-08,Drip Coffee,Hot Coffee,3,2.75,8.25,C0855
2026-02-08,Bagel with Cream Cheese,Bakery,3,3.75,11.25,C0078
2026-02-08,Matcha Latte,Tea,1,4.95,4.95,C0023
2026-02-08,Mocha,Hot Coffee,1,4.95,4.95,C0016
2026-02-08,Cappuccino,Hot Coffee,3,4.25,12.75,C0001
2026-02-09,Croissant,Bakery,1,3.25,3.25,C0369
2026-02-09,Drip Coffee,Hot Coffee,1,2.75,2.75,C0386
2026-02-09,Americano,Hot Coffee,1,3.5,3.5,C0508
2026-02-09,Americano,Hot Coffee,1,3.5,3.5,C0990
2026-02-10,Chocolate Chip Cookie,Bakery,1,2.5,2.5,C0125
2026-02-10,Iced Tea,Tea,1,3.25,3.25,C0077
2026-02-10,Espresso,Hot Coffee,1,2.95,2.95,C0050
2026-02-10,Bottled Water,Other,1,2.0,2.0,C0098
2026-02-10,Latte,Hot Coffee,1,4.5,4.5,C0105
2026-02-10,Breakfast Sandwich,Food,1,6.5,6.5,C0066
2026-02-10,Americano,Hot Coffee,2,3.5,7.0,C0004
2026-02-11,Bagel with Cream Cheese,Bakery,1,3.75,3.75,C0090
2026-02-11,Latte,Hot Coffee,1,4.5,4.5,C0962
2026-02-11,Cold Brew,Cold Coffee,1,4.5,4.5,C0018
2026-02-11,Avocado Toast,Food,2,7.5,15.0,C0183
2026-02-11,Mocha,Hot Coffee,2,4.95,9.9,C0591
2026-02-12,Chai Latte,Tea,2,4.25,8.5,C0862
2026-02-12,Matcha Latte,Tea,1,4.95,4.95,C0798
2026-02-12,Breakfast Sandwich,Food,1,6.5,6.5,C0068
2026-02-12,Drip Coffee,Hot Coffee,1,2.75,2.75,C0604
2026-02-12,Cinnamon Roll,Bakery,3,4.25,12.75,C0009
2026-02-12,Blueberry Muffin,Bakery,1,3.5,3.5,C0010
2026-02-13,Iced Americano,Cold Coffee,1,3.75,3.75,C0027
2026-02-13,Mocha,Hot Coffee,1,4.95,4.95,C0082
2026-02-13,Drip Coffee,Hot Coffee,1,2.75,2.75,C0014
2026-02-13,Mocha,Hot Coffee,1,4.95,4.95,C0823
2026-02-13,Cinnamon Roll,Bakery,1,4.25,4.25,C0142
2026-02-13,Croissant,Bakery,2,3.25,6.5,C0013
2026-02-13,Drip Coffee,Hot Coffee,2,2.75,5.5,C0406
2026-02-14,Cappuccino,Hot Coffee,2,4.25,8.5,C0120
2026-02-14,Americano,Hot Coffee,1,3.5,3.5,C0117
2026-02-14,Matcha Latte,Tea,2,4.95,9.9,C0050
2026-02-15,Drip Coffee,Hot Coffee,1,2.75,2.75,C0023
2026-02-15,Blueberry Muffin,Bakery,1,3.5,3.5,C0059
2026-02-15,Americano,Hot Coffee,1,3.5,3.5,C0270
2026-02-16,Cold Brew,Cold Coffee,1,4.5,4.5,C0129
2026-02-16,Drip Coffee,Hot Coffee,1,2.75,2.75,C0132
2026-02-16,Drip Coffee,Hot Coffee,1,2.75,2.75,C0010
2026-02-17,Bagel with Cream Cheese,Bakery,1,3.75,3.75,C0122
2026-02-17,Mocha,Hot Coffee,2,4.95,9.9,C0068
2026-02-17,Iced Americano,Cold Coffee,1,3.75,3.75,C0010
2026-02-18,Matcha Latte,Tea,1,4.95,4.95,C0162
2026-02-18,Frappe,Cold Coffee,1,5.5,5.5,C0004
2026-02-18,Mocha,Hot Coffee,1,4.95,4.95,C0372
2026-02-18,Bagel with Cream Cheese,Bakery,1,3.75,3.75,C0107
2026-02-19,Hot Chocolate,Other,1,3.75,3.75,C0129
2026-02-19,Hot Tea,Tea,1,2.95,2.95,C0012
2026-02-20,Cappuccino,Hot Coffee,2,4.25,8.5,C0359
2026-02-20,Blueberry Muffin,Bakery,1,3.5,3.5,C0331
2026-02-20,Iced Latte,Cold Coffee,1,4.75,4.75,C0488
2026-02-20,Matcha Latte,Tea,2,4.95,9.9,C0171
2026-02-21,Frappe,Cold Coffee,1,5.5,5.5,C0994
2026-02-21,Latte,Hot Coffee,1,4.5,4.5,C0031
2026-02-22,Flat White,Hot Coffee,1,4.5,4.5,C0050
2026-02-22,Mocha,Hot Coffee,2,4.95,9.9,C0002
2026-02-22,Iced Latte,Cold Coffee,1,4.75,4.75,C0134
2026-02-22,Breakfast Sandwich,Food,1,6.5,6.5,C0578
2026-02-22,Flat White,Hot Coffee,1,4.5,4.5,C0115
2026-02-22,Iced Latte,Cold Coffee,1,4.75,4.75,C0040
2026-02-22,Avocado Toast,Food,1,7.5,7.5,C0276
2026-02-22,Chocolate Chip Cookie,Bakery,1,2.5,2.5,C0143
2026-02-23,Croissant,Bakery,1,3.25,3.25,C0900
2026-02-23,Latte,Hot Coffee,1,4.5,4.5,C0050
2026-02-23,Chai Latte,Tea,1,4.25,4.25,C0071
2026-02-23,Croissant,Bakery,2,3.25,6.5,C0138
2026-02-23,Iced Latte,Cold Coffee,1,4.75,4.75,C0071
2026-02-24,Hot Chocolate,Other,1,3.75,3.75,C0039
2026-02-24,Drip Coffee,Hot Coffee,1,2.75,2.75,C0129
2026-02-24,Drip Coffee,Hot Coffee,2,2.75,5.5,C0385
2026-02-24,Frappe,Cold Coffee,1,5.5,5.5,C0023
2026-02-25,Latte,Hot Coffee,1,4.5,4.5,C0123
2026-02-26,Blueberry Muffin,Bakery,1,3.5,3.5,C0058
2026-02-26,Iced Americano,Cold Coffee,1,3.75,3.75,C0309
2026-02-27,Americano,Hot Coffee,1,3.5,3.5,C0112
2026-02-27,Frappe,Cold Coffee,1,5.5,5.5,C0187
2026-02-27,Bottled Water,Other,1,2.0,2.0,C0059
2026-02-27,Croissant,Bakery,2,3.25,6.5,C0114
2026-02-28,Cold Brew,Cold Coffee,2,4.5,9.0,C0032
2026-02-28,Chocolate Chip Cookie,Bakery,1,2.5,2.5,C0023
2026-02-28,Hot Tea,Tea,3,2.95,8.85,C0039
2026-03-01,Drip Coffee,Hot Coffee,1,2.75,2.75,C0038
2026-03-01,Americano,Hot Coffee,1,3.5,3.5,C0132
2026-03-01,Latte,Hot Coffee,1,4.5,4.5,C0117
2026-03-01,Bottled Water,Other,1,2.0,2.0,C0043
2026-03-01,Americano,Hot Coffee,3,3.5,10.5,C0143
2026-03-02,Frappe,Cold Coffee,1,5.5,5.5,C0310
2026-03-03,Bottled Water,Other,1,2.0,2.0,C0135
2026-03-03,Croissant,Bakery,1,3.25,3.25,C0994
2026-03-03,Flat White,Hot Coffee,1,4.5,4.5,C0294
2026-03-04,Avocado Toast,Food,1,7.5,7.5,C0859
2026-03-04,Bottled Water,Other,2,2.0,4.0,C0082
2026-03-05,Drip Coffee,Hot Coffee,1,2.75,2.75,C0148
2026-03-05,Latte,Hot Coffee,1,4.5,4.5,C0135
2026-03-05,Latte,Hot Coffee,1,4.5,4.5,C0942
2026-03-05,Latte,Hot Coffee,1,4.5,4.5,C0040
2026-03-07,Drip Coffee,Hot Coffee,1,2.75,2.75,C0463
2026-03-07,Croissant,Bakery,2,3.25,6.5,C0050
2026-03-07,Frappe,Cold Coffee,1,5.5,5.5,C0125
2026-03-07,Cappuccino,Hot Coffee,2,4.25,8.5,C0092
2026-03-08,Espresso,Hot Coffee,1,2.95,2.95,C0006
2026-03-08,Latte,Hot Coffee,1,4.5,4.5,C0107
2026-03-08,Breakfast Sandwich,Food,1,6.5,6.5,C0012
2026-03-08,Matcha Latte,Tea,1,4.95,4.95,C0120
2026-03-09,Iced Americano,Cold Coffee,2,3.75,7.5,C0105
2026-03-09,Hot Tea,Tea,1,2.95,2.95,C0781
2026-03-09,Bottled Water,Other,1,2.0,2.0,C0071
2026-03-10,Latte,Hot Coffee,1,4.5,4.5,C0058
2026-03-10,Hot Chocolate,Other,1,3.75,3.75,C0144
2026-03-10,Bottled Water,Other,1,2.0,2.0,C0162
2026-03-10,Iced Latte,Cold Coffee,1,4.75,4.75,C0110
2026-03-10,Iced Americano,Cold Coffee,1,3.75,3.75,C0026
2026-03-10,Chai Latte,Tea,1,4.25,4.25,C0782
2026-03-11,Iced Tea,Tea,1,3.25,3.25,C0142
2026-03-11,Iced Tea,Tea,1,3.25,3.25,C0133
2026-03-11,Iced Americano,Cold Coffee,1,3.75,3.75,C0011
2026-03-11,Hot Tea,Tea,1,2.95,2.95,C0024
2026-03-12,Matcha Latte,Tea,1,4.95,4.95,C0088
2026-03-12,Latte,Hot Coffee,1,4.5,4.5,C0203
2026-03-12,Hot Tea,Tea,1,2.95,2.95,C0010
2026-03-13,Latte,Hot Coffee,1,4.5,4.5,C0011
2026-03-13,Drip Coffee,Hot Coffee,2,2.75,5.5,C0043
2026-03-13,Croissant,Bakery,1,3.25,3.25,C0503
2026-03-14,Iced Americano,Cold Coffee,1,3.75,3.75,C0227
2026-03-14,Blueberry Muffin,Bakery,1,3.5,3.5,C0013
2026-03-14,Latte,Hot Coffee,1,4.5,4.5,C0770
2026-03-15,Cold Brew,Cold Coffee,2,4.5,9.0,C0012
2026-03-15,Grilled Panini,Food,1,7.95,7.95,C0002
2026-03-15,Cappuccino,Hot Coffee,1,4.25,4.25,C0092
2026-03-15,Iced Latte,Cold Coffee,1,4.75,4.75,C0010
2026-03-15,Croissant,Bakery,1,3.25,3.25,C0046
2026-03-15,Croissant,Bakery,1,3.25,3.25,C0074
2026-03-15,Iced Americano,Cold Coffee,2,3.75,7.5,C0153
2026-03-15,Iced Americano,Cold Coffee,1,3.75,3.75,C0843
2026-03-15,Cappuccino,Hot Coffee,1,4.25,4.25,C0135
2026-03-15,Mocha,Hot Coffee,1,4.95,4.95,C0954
2026-03-15,Cappuccino,Hot Coffee,1,4.25,4.25,C0112
2026-03-16,Hot Tea,Tea,1,2.95,2.95,C0045
2026-03-16,Chocolate Chip Cookie,Bakery,1,2.5,2.5,C0068
2026-03-16,Bottled Water,Other,1,2.0,2.0,C0138
2026-03-17,Chai Latte,Tea,1,4.25,4.25,C0718
2026-03-17,Espresso,Hot Coffee,1,2.95,2.95,C0014
2026-03-17,Croissant,Bakery,1,3.25,3.25,C0621
2026-03-17,Latte,Hot Coffee,1,4.5,4.5,C0105
2026-03-18,Chocolate Chip Cookie,Bakery,1,2.5,2.5,C0144
2026-03-18,Bagel with Cream Cheese,Bakery,2,3.75,7.5,C0027
2026-03-19,Iced Latte,Cold Coffee,1,4.75,4.75,C0082
2026-03-19,Drip Coffee,Hot Coffee,2,2.75,5.5,C0073
2026-03-19,Breakfast Sandwich,Food,1,6.5,6.5,C0314
2026-03-20,Blueberry Muffin,Bakery,2,3.5,7.0,C0790
2026-03-20,Bottled Water,Other,2,2.0,4.0,C0638
2026-03-20,Hot Chocolate,Other,1,3.75,3.75,C0058
2026-03-21,Iced Latte,Cold Coffee,2,4.75,9.5,C0086
2026-03-21,Latte,Hot Coffee,1,4.5,4.5,C0087
2026-03-21,Chai Latte,Tea,1,4.25,4.25,C0120
2026-03-21,Croissant,Bakery,1,3.25,3.25,C0004
2026-03-22,Iced Latte,Cold Coffee,1,4.75,4.75,C0089
2026-03-22,Croissant,Bakery,1,3.25,3.25,C0041
2026-03-22,Cappuccino,Hot Coffee,1,4.25,4.25,C0026
2026-03-22,Latte,Hot Coffee,3,4.5,13.5,C0080
2026-03-22,Cinnamon Roll,Bakery,1,4.25,4.25,C0114
2026-03-22,Bagel with Cream Cheese,Bakery,1,3.75,3.75,C0011
2026-03-22,Latte,Hot Coffee,1,4.5,4.5,C0096
2026-03-23,Breakfast Sandwich,Food,1,6.5,6.5,C0129
2026-03-23,Chocolate Chip Cookie,Bakery,2,2.5,5.0,C0478
2026-03-24,Chocolate Chip Cookie,Bakery,1,2.5,2.5,C0001
2026-03-24,Drip Coffee,Hot Coffee,1,2.75,2.75,C0242
2026-03-24,Cold Brew,Cold Coffee,1,4.5,4.5,C0971
2026-03-24,Americano,Hot Coffee,1,3.5,3.5,C0099
2026-03-24,Latte,Hot Coffee,2,4.5,9.0,C0074
2026-03-24,Bagel with Cream Cheese,Bakery,1,3.75,3.75,C0129
2026-03-25,Matcha Latte,Tea,1,4.95,4.95,C0143
2026-03-25,Cappuccino,Hot Coffee,1,4.25,4.25,C0421
2026-03-25,Drip Coffee,Hot Coffee,1,2.75,2.75,C0453
2026-03-25,Chai Latte,Tea,2,4.25,8.5,C0137
2026-03-25,Cappuccino,Hot Coffee,1,4.25,4.25,C0081
2026-03-25,Hot Chocolate,Other,2,3.75,7.5,C0107
2026-03-25,Flat White,Hot Coffee,2,4.5,9.0,C0142
2026-03-25,Drip Coffee,Hot Coffee,2,2.75,5.5,C0121
2026-03-26,Iced Latte,Cold Coffee,1,4.75,4.75,C0110
2026-03-26,Blueberry Muffin,Bakery,2,3.5,7.0,C0012
2026-03-27,Iced Americano,Cold Coffee,1,3.75,3.75,C0077
2026-03-27,Drip Coffee,Hot Coffee,1,2.75,2.75,C0050
2026-03-27,Croissant,Bakery,1,3.25,3.25,C0142
2026-03-27,Espresso,Hot Coffee,1,2.95,2.95,C0150
2026-03-27,Cold Brew,Cold Coffee,1,4.5,4.5,C0012
2026-03-28,Hot Tea,Tea,1,2.95,2.95,C0032
2026-03-28,Croissant,Bakery,1,3.25,3.25,C0108
2026-03-28,Latte,Hot Coffee,1,4.5,4.5,C0483
2026-03-29,Hot Tea,Tea,1,2.95,2.95,C0041
2026-03-29,Cappuccino,Hot Coffee,1,4.25,4.25,C0742
2026-03-29,Flat White,Hot Coffee,1,4.5,4.5,C0048
2026-03-30,Cappuccino,Hot Coffee,1,4.25,4.25,C0002
2026-03-30,Chai Latte,Tea,1,4.25,4.25,C0060
2026-03-31,Croissant,Bakery,2,3.25,6.5,C0092
2026-03-31,Drip Coffee,Hot Coffee,1,2.75,2.75,C0148
2026-03-31,Chai Latte,Tea,1,4.25,4.25,C0011
2026-03-31,Croissant,Bakery,1,3.25,3.25,C0346
2026-03-31,Cappuccino,Hot Coffee,1,4.25,4.25,C0068
2026-03-31,Cinnamon Roll,Bakery,1,4.25,4.25,C0078
2026-04-01,Avocado Toast,Food,1,7.5,7.5,C0768
2026-04-01,Iced Latte,Cold Coffee,1,4.75,4.75,C0496
2026-04-02,Cold Brew,Cold Coffee,1,4.5,4.5,C0589
2026-04-02,Iced Americano,Cold Coffee,1,3.75,3.75,C0001
2026-04-02,Cold Brew,Cold Coffee,2,4.5,9.0,C0187
2026-04-02,Iced Latte,Cold Coffee,1,4.75,4.75,C0421
2026-04-02,Drip Coffee,Hot Coffee,1,2.75,2.75,C0043
2026-04-02,Breakfast Sandwich,Food,2,6.5,13.0,C0186
2026-04-03,Bagel with Cream Cheese,Bakery,1,3.75,3.75,C0161
2026-04-03,Cappuccino,Hot Coffee,1,4.25,4.25,C0082
2026-04-03,Hot Tea,Tea,1,2.95,2.95,C0078
2026-04-03,Cappuccino,Hot Coffee,1,4.25,4.25,C0007
2026-04-03,Frappe,Cold Coffee,1,5.5,5.5,C0050
2026-04-04,Cold Brew,Cold Coffee,1,4.5,4.5,C0798
2026-04-04,Latte,Hot Coffee,1,4.5,4.5,C0011
2026-04-04,Chai Latte,Tea,1,4.25,4.25,C0107
2026-04-04,Iced Americano,Cold Coffee,1,3.75,3.75,C0011
2026-04-05,Chocolate Chip Cookie,Bakery,2,2.5,5.0,C0039
2026-04-05,Drip Coffee,Hot Coffee,2,2.75,5.5,C0050
2026-04-05,Breakfast Sandwich,Food,1,6.5,6.5,C0142
2026-04-06,Cappuccino,Hot Coffee,1,4.25,4.25,C0022
2026-04-06,Flat White,Hot Coffee,2,4.5,9.0,C0138
2026-04-06,Americano,Hot Coffee,1,3.5,3.5,C0071
2026-04-07,Blueberry Muffin,Bakery,1,3.5,3.5,C0773
2026-04-07,Drip Coffee,Hot Coffee,1,2.75,2.75,C0120
2026-04-08,Avocado Toast,Food,1,7.5,7.5,C0427
2026-04-08,Frappe,Cold Coffee,1,5.5,5.5,C0150
2026-04-08,Chocolate Chip Cookie,Bakery,1,2.5,2.5,C0786
2026-04-08,Hot Tea,Tea,1,2.95,2.95,C0043
2026-04-09,Mocha,Hot Coffee,1,4.95,4.95,C0050
2026-04-09,Chocolate Chip Cookie,Bakery,1,2.5,2.5,C0699
2026-04-09,Cinnamon Roll,Bakery,2,4.25,8.5,C0069
2026-04-09,Croissant,Bakery,1,3.25,3.25,C0016
2026-04-09,Frappe,Cold Coffee,1,5.5,5.5,C0135
2026-04-10,Cappuccino,Hot Coffee,1,4.25,4.25,C0008
2026-04-10,Iced Americano,Cold Coffee,1,3.75,3.75,C0013
2026-04-10,Chai Latte,Tea,1,4.25,4.25,C0922
2026-04-11,Iced Tea,Tea,1,3.25,3.25,C0063
2026-04-11,Cold Brew,Cold Coffee,2,4.5,9.0,C0059
2026-04-11,Cold Brew,Cold Coffee,1,4.5,4.5,C0039
2026-04-11,Drip Coffee,Hot Coffee,1,2.75,2.75,C0654
2026-04-12,Americano,Hot Coffee,1,3.5,3.5,C0050
2026-04-12,Chocolate Chip Cookie,Bakery,1,2.5,2.5,C0135
2026-04-12,Frappe,Cold Coffee,1,5.5,5.5,C0114
2026-04-12,Mocha,Hot Coffee,1,4.95,4.95,C0001
2026-04-12,Drip Coffee,Hot Coffee,1,2.75,2.75,C0989
2026-04-12,Chocolate Chip Cookie,Bakery,1,2.5,2.5,C0483
2026-04-13,Mocha,Hot Coffee,1,4.95,4.95,C0093
2026-04-14,Hot Chocolate,Other,1,3.75,3.75,C0002
2026-04-14,Latte,Hot Coffee,1,4.5,4.5,C0002
2026-04-15,Cappuccino,Hot Coffee,3,4.25,12.75,C0220
2026-04-15,Iced Americano,Cold Coffee,1,3.75,3.75,C0013
2026-04-17,Hot Tea,Tea,1,2.95,2.95,C0559
2026-04-17,Latte,Hot Coffee,1,4.5,4.5,C0016
2026-04-17,Croissant,Bakery,3,3.25,9.75,C0022
2026-04-18,Chai Latte,Tea,1,4.25,4.25,C0483
2026-04-18,Chai Latte,Tea,1,4.25,4.25,C0071
2026-04-18,Bottled Water,Other,1,2.0,2.0,C0070
2026-04-18,Bagel with Cream Cheese,Bakery,1,3.75,3.75,C0064
2026-04-19,Iced Latte,Cold Coffee,1,4.75,4.75,C0068
2026-04-20,Cappuccino,Hot Coffee,1,4.25,4.25,C0947
2026-04-20,Croissant,Bakery,1,3.25,3.25,C0027
2026-04-20,Croissant,Bakery,1,3.25,3.25,C0082
2026-04-20,Flat White,Hot Coffee,1,4.5,4.5,C0007
2026-04-20,Cold Brew,Cold Coffee,1,4.5,4.5,C0068
2026-04-21,Latte,Hot Coffee,1,4.5,4.5,C0135
2026-04-21,Breakfast Sandwich,Food,1,6.5,6.5,C0420
2026-04-21,Latte,Hot Coffee,1,4.5,4.5,C0053
2026-04-22,Mocha,Hot Coffee,1,4.95,4.95,C0990
2026-04-23,Latte,Hot Coffee,1,4.5,4.5,C0142
2026-04-23,Breakfast Sandwich,Food,3,6.5,19.5,C0121
2026-04-23,Latte,Hot Coffee,2,4.5,9.0,C0302
2026-04-23,Cinnamon Roll,Bakery,2,4.25,8.5,C0233
2026-04-24,Matcha Latte,Tea,1,4.95,4.95,C0114
2026-04-24,Iced Americano,Cold Coffee,1,3.75,3.75,C0002
2026-04-25,Bottled Water,Other,1,2.0,2.0,C0030
2026-04-25,Croissant,Bakery,1,3.25,3.25,C0002
2026-04-25,Matcha Latte,Tea,2,4.95,9.9,C0088
2026-04-25,Iced Latte,Cold Coffee,1,4.75,4.75,C0555
2026-04-25,Cold Brew,Cold Coffee,3,4.5,13.5,C0148
2026-04-25,Mocha,Hot Coffee,1,4.95,4.95,C0004
2026-04-25,Hot Tea,Tea,1,2.95,2.95,C0001
2026-04-26,Frappe,Cold Coffee,1,5.5,5.5,C0896
2026-04-26,Breakfast Sandwich,Food,2,6.5,13.0,C0041
2026-04-26,Iced Latte,Cold Coffee,1,4.75,4.75,C0016
2026-04-27,Latte,Hot Coffee,1,4.5,4.5,C0031
2026-04-27,Blueberry Muffin,Bakery,1,3.5,3.5,C0203
2026-04-27,Chocolate Chip Cookie,Bakery,1,2.5,2.5,C0117
2026-04-28,Latte,Hot Coffee,1,4.5,4.5,C0470
2026-04-28,Bottled Water,Other,1,2.0,2.0,C0156
2026-04-28,Hot Tea,Tea,1,2.95,2.95,C0521
2026-04-29,Latte,Hot Coffee,3,4.5,13.5,C0638
2026-04-29,Latte,Hot Coffee,1,4.5,4.5,C0142
2026-04-29,Matcha Latte,Tea,1,4.95,4.95,C0007
2026-04-30,Hot Tea,Tea,2,2.95,5.9,C0077
2026-04-30,Espresso,Hot Coffee,1,2.95,2.95,C0067
2026-04-30,Chocolate Chip Cookie,Bakery,1,2.5,2.5,C0072
2026-04-30,Bottled Water,Other,1,2.0,2.0,C0069
2026-04-30,Blueberry Muffin,Bakery,2,3.5,7.0,C0859
2026-04-30,Breakfast Sandwich,Food,1,6.5,6.5,C0614
2026-05-01,Cold Brew,Cold Coffee,1,4.5,4.5,C0022
2026-05-01,Mocha,Hot Coffee,1,4.95,4.95,C0028
2026-05-01,Drip Coffee,Hot Coffee,2,2.75,5.5,C0067
2026-05-01,Americano,Hot Coffee,1,3.5,3.5,C0002
2026-05-01,Latte,Hot Coffee,1,4.5,4.5,C0862
2026-05-02,Bagel with Cream Cheese,Bakery,2,3.75,7.5,C0146
2026-05-02,Frappe,Cold Coffee,1,5.5,5.5,C0074
2026-05-02,Cappuccino,Hot Coffee,1,4.25,4.25,C0010
2026-05-02,Croissant,Bakery,1,3.25,3.25,C0001
2026-05-03,Drip Coffee,Hot Coffee,1,2.75,2.75,C0098
2026-05-03,Breakfast Sandwich,Food,2,6.5,13.0,C0088
2026-05-03,Drip Coffee,Hot Coffee,1,2.75,2.75,C0144
2026-05-04,Flat White,Hot Coffee,1,4.5,4.5,C0068
2026-05-04,Flat White,Hot Coffee,1,4.5,4.5,C0285
2026-05-04,Cold Brew,Cold Coffee,1,4.5,4.5,C0025
2026-05-04,Chocolate Chip Cookie,Bakery,2,2.5,5.0,C0117
2026-05-05,Avocado Toast,Food,2,7.5,15.0,C0025
2026-05-05,Chocolate Chip Cookie,Bakery,1,2.5,2.5,C0107
2026-05-05,Avocado Toast,Food,1,7.5,7.5,C0068
2026-05-06,Iced Tea,Tea,1,3.25,3.25,C0247
2026-05-06,Latte,Hot Coffee,2,4.5,9.0,C0054
2026-05-07,Drip Coffee,Hot Coffee,1,2.75,2.75,C0041
2026-05-07,Latte,Hot Coffee,2,4.5,9.0,C0862
2026-05-07,Cappuccino,Hot Coffee,1,4.25,4.25,C0071
2026-05-07,Chai Latte,Tea,1,4.25,4.25,C0122
2026-05-07,Drip Coffee,Hot Coffee,1,2.75,2.75,C0050
2026-05-08,Latte,Hot Coffee,1,4.5,4.5,C0134
2026-05-08,Iced Tea,Tea,1,3.25,3.25,C0468
2026-05-09,Iced Latte,Cold Coffee,1,4.75,4.75,C0119
2026-05-09,Cold Brew,Cold Coffee,1,4.5,4.5,C0107
2026-05-09,Croissant,Bakery,1,3.25,3.25,C0039
2026-05-10,Frappe,Cold Coffee,1,5.5,5.5,C0185
2026-05-10,Iced Tea,Tea,1,3.25,3.25,C0267
2026-05-10,Croissant,Bakery,1,3.25,3.25,C0142
2026-05-10,Drip Coffee,Hot Coffee,1,2.75,2.75,C0227
2026-05-10,Drip Coffee,Hot Coffee,1,2.75,2.75,C0450
2026-05-10,Iced Latte,Cold Coffee,1,4.75,4.75,C0162
2026-05-10,Frappe,Cold Coffee,1,5.5,5.5,C0202
2026-05-10,Drip Coffee,Hot Coffee,1,2.75,2.75,C0263
2026-05-11,Flat White,Hot Coffee,1,4.5,4.5,C0047
2026-05-11,Cappuccino,Hot Coffee,1,4.25,4.25,C0001
2026-05-11,Americano,Hot Coffee,1,3.5,3.5,C0084
2026-05-11,Chocolate Chip Cookie,Bakery,1,2.5,2.5,C0067
2026-05-12,Iced Latte,Cold Coffee,1,4.75,4.75,C0413
2026-05-12,Drip Coffee,Hot Coffee,1,2.75,2.75,C0956
2026-05-12,Breakfast Sandwich,Food,1,6.5,6.5,C0764
2026-05-13,Avocado Toast,Food,1,7.5,7.5,C0088
2026-05-15,Breakfast Sandwich,Food,1,6.5,6.5,C0067
2026-05-15,Bagel with Cream Cheese,Bakery,1,3.75,3.75,C0089
2026-05-15,Bottled Water,Other,2,2.0,4.0,C0098
2026-05-15,Drip Coffee,Hot Coffee,1,2.75,2.75,C0063
2026-05-15,Americano,Hot Coffee,1,3.5,3.5,C0413
2026-05-16,Croissant,Bakery,1,3.25,3.25,C0143
2026-05-16,Cold Brew,Cold Coffee,1,4.5,4.5,C0571
2026-05-16,Cappuccino,Hot Coffee,1,4.25,4.25,C0010
2026-05-16,Latte,Hot Coffee,2,4.5,9.0,C0959
2026-05-17,Avocado Toast,Food,1,7.5,7.5,C0307
2026-05-17,Avocado Toast,Food,1,7.5,7.5,C0580
2026-05-17,Cold Brew,Cold Coffee,1,4.5,4.5,C0071
2026-05-17,Latte,Hot Coffee,3,4.5,13.5,C0011
2026-05-17,Mocha,Hot Coffee,1,4.95,4.95,C0143
2026-05-18,Frappe,Cold Coffee,1,5.5,5.5,C0129
2026-05-18,Chai Latte,Tea,1,4.25,4.25,C0107
2026-05-18,Iced Americano,Cold Coffee,1,3.75,3.75,C0022
2026-05-18,Cinnamon Roll,Bakery,1,4.25,4.25,C0176
2026-05-19,Hot Chocolate,Other,1,3.75,3.75,C0071
2026-05-19,Croissant,Bakery,1,3.25,3.25,C0107
2026-05-19,Bagel with Cream Cheese,Bakery,1,3.75,3.75,C0929
2026-05-20,Drip Coffee,Hot Coffee,1,2.75,2.75,C0694
2026-05-20,Cappuccino,Hot Coffee,1,4.25,4.25,C0074
2026-05-20,Americano,Hot Coffee,1,3.5,3.5,C0047
2026-05-20,Frappe,Cold Coffee,2,5.5,11.0,C0036
2026-05-21,Cappuccino,Hot Coffee,1,4.25,4.25,C0068
2026-05-21,Breakfast Sandwich,Food,2,6.5,13.0,C0201
2026-05-21,Chai Latte,Tea,1,4.25,4.25,C0360
2026-05-21,Breakfast Sandwich,Food,2,6.5,13.0,C0935
2026-05-22,Iced Americano,Cold Coffee,1,3.75,3.75,C0072
2026-05-22,Frappe,Cold Coffee,1,5.5,5.5,C0518
2026-05-23,Cold Brew,Cold Coffee,1,4.5,4.5,C0091
2026-05-23,Cappuccino,Hot Coffee,1,4.25,4.25,C0050
2026-05-23,Iced Americano,Cold Coffee,1,3.75,3.75,C0017
2026-05-23,Chocolate Chip Cookie,Bakery,1,2.5,2.5,C0002
2026-05-23,Croissant,Bakery,1,3.25,3.25,C0047
2026-05-23,Iced Tea,Tea,1,3.25,3.25,C0969
2026-05-23,Iced Tea,Tea,1,3.25,3.25,C0420
2026-05-23,Cold Brew,Cold Coffee,1,4.5,4.5,C0041
2026-05-23,Croissant,Bakery,1,3.25,3.25,C0012
2026-05-23,Frappe,Cold Coffee,1,5.5,5.5,C0146
2026-05-23,Hot Tea,Tea,1,2.95,2.95,C0105
2026-05-24,Chai Latte,Tea,1,4.25,4.25,C0821
2026-05-24,Mocha,Hot Coffee,1,4.95,4.95,C0036
2026-05-24,Matcha Latte,Tea,1,4.95,4.95,C0147
2026-05-24,Latte,Hot Coffee,1,4.5,4.5,C0121
2026-05-25,Latte,Hot Coffee,1,4.5,4.5,C0143
2026-05-25,Breakfast Sandwich,Food,1,6.5,6.5,C0386
2026-05-25,Cold Brew,Cold Coffee,1,4.5,4.5,C0140
2026-05-25,Avocado Toast,Food,1,7.5,7.5,C0040
2026-05-25,Iced Latte,Cold Coffee,1,4.75,4.75,C0123
2026-05-25,Chocolate Chip Cookie,Bakery,1,2.5,2.5,C0038
2026-05-26,Cold Brew,Cold Coffee,1,4.5,4.5,C0230
2026-05-26,Latte,Hot Coffee,1,4.5,4.5,C0030
2026-05-26,Bottled Water,Other,1,2.0,2.0,C0002
2026-05-27,Chai Latte,Tea,1,4.25,4.25,C0129
2026-05-27,Cold Brew,Cold Coffee,3,4.5,13.5,C0001
2026-05-27,Latte,Hot Coffee,1,4.5,4.5,C0133
2026-05-27,Blueberry Muffin,Bakery,2,3.5,7.0,C0059
2026-05-27,Iced Latte,Cold Coffee,2,4.75,9.5,C0105
2026-05-28,Iced Latte,Cold Coffee,1,4.75,4.75,C0078
2026-05-28,Mocha,Hot Coffee,1,4.95,4.95,C0975
2026-05-29,Espresso,Hot Coffee,1,2.95,2.95,C0382
2026-05-29,Drip Coffee,Hot Coffee,1,2.75,2.75,C0718
2026-05-29,Bagel with Cream Cheese,Bakery,1,3.75,3.75,C0413
2026-05-29,Latte,Hot Coffee,1,4.5,4.5,C0036
2026-05-29,Drip Coffee,Hot Coffee,3,2.75,8.25,C0074
2026-05-29,Cold Brew,Cold Coffee,1,4.5,4.5,C0112
2026-05-30,Cappuccino,Hot Coffee,1,4.25,4.25,C0342
2026-05-30,Iced Latte,Cold Coffee,1,4.75,4.75,C0120
2026-05-30,Croissant,Bakery,2,3.25,6.5,C0096
2026-05-30,Americano,Hot Coffee,1,3.5,3.5,C0051
2026-05-30,Bagel with Cream Cheese,Bakery,1,3.75,3.75,C0047
2026-05-31,Cappuccino,Hot Coffee,1,4.25,4.25,C0424
2026-05-31,Avocado Toast,Food,1,7.5,7.5,C0138
2026-05-31,Bottled Water,Other,3,2.0,6.0,C0052
2026-05-31,Drip Coffee,Hot Coffee,1,2.75,2.75,C0135
2026-06-01,Cold Brew,Cold Coffee,2,4.5,9.0,C0092
2026-06-01,Iced Latte,Cold Coffee,2,4.75,9.5,C0862
2026-06-02,Iced Latte,Cold Coffee,1,4.75,4.75,C0154
2026-06-04,Blueberry Muffin,Bakery,1,3.5,3.5,C0074
2026-06-05,Blueberry Muffin,Bakery,1,3.5,3.5,C0386
2026-06-05,Blueberry Muffin,Bakery,1,3.5,3.5,C0002
2026-06-05,Espresso,Hot Coffee,1,2.95,2.95,C0122
2026-06-05,Matcha Latte,Tea,1,4.95,4.95,C0012
2026-06-06,Breakfast Sandwich,Food,1,6.5,6.5,C0125
2026-06-06,Espresso,Hot Coffee,1,2.95,2.95,C0870
2026-06-06,Latte,Hot Coffee,2,4.5,9.0,C0757
2026-06-06,Iced Tea,Tea,1,3.25,3.25,C0295
2026-06-07,Grilled Panini,Food,1,7.95,7.95,C0012
2026-06-07,Iced Tea,Tea,1,3.25,3.25,C0071
2026-06-07,Cappuccino,Hot Coffee,1,4.25,4.25,C0202
2026-06-07,Iced Americano,Cold Coffee,2,3.75,7.5,C0027
2026-06-07,Croissant,Bakery,2,3.25,6.5,C0071
2026-06-08,Americano,Hot Coffee,1,3.5,3.5,C0565
2026-06-08,Blueberry Muffin,Bakery,1,3.5,3.5,C0124
2026-06-08,Iced Americano,Cold Coffee,1,3.75,3.75,C0050
2026-06-09,Breakfast Sandwich,Food,1,6.5,6.5,C0351
2026-06-09,Flat White,Hot Coffee,2,4.5,9.0,C0782
2026-06-09,Breakfast Sandwich,Food,1,6.5,6.5,C0082
2026-06-09,Drip Coffee,Hot Coffee,1,2.75,2.75,C0012
2026-06-10,Chocolate Chip Cookie,Bakery,1,2.5,2.5,C0036
2026-06-11,Cold Brew,Cold Coffee,2,4.5,9.0,C0031
2026-06-12,Iced Latte,Cold Coffee,1,4.75,4.75,C0119
2026-06-12,Breakfast Sandwich,Food,1,6.5,6.5,C0107
2026-06-13,Chocolate Chip Cookie,Bakery,1,2.5,2.5,C0362
2026-06-13,Iced Tea,Tea,1,3.25,3.25,C0088
2026-06-14,Cold Brew,Cold Coffee,1,4.5,4.5,C0011
2026-06-14,Iced Americano,Cold Coffee,1,3.75,3.75,C0120
2026-06-14,Iced Tea,Tea,1,3.25,3.25,C0464
2026-06-14,Cold Brew,Cold Coffee,1,4.5,4.5,C0922
2026-06-14,Blueberry Muffin,Bakery,1,3.5,3.5,C0129
2026-06-14,Iced Americano,Cold Coffee,1,3.75,3.75,C0024
2026-06-15,Avocado Toast,Food,2,7.5,15.0,C0417
2026-06-15,Croissant,Bakery,2,3.25,6.5,C0090
2026-06-15,Latte,Hot Coffee,1,4.5,4.5,C0652
2026-06-15,Blueberry Muffin,Bakery,1,3.5,3.5,C0021
